NP_240867.1	-134	8.0
NP_240868.1	-160	3.0
NP_240869.1	-17	2.0
NP_240870.1	-153	3.0
NP_240872.1	-180	4.0
NP_240873.1	-134	0.0
NP_240874.1	-21	1.0
NP_240878.1	-13	5.0
NP_240879.1	-10	1.0
NP_240880.1	-13	9.0
NP_240885.1	-68	3.0
NP_240886.1	-176	2.0
NP_240887.1	-141	1.0
NP_240888.1	-176	1.0
NP_240889.1	-87	3.0
NP_240890.1	-154	2.0
NP_240891.1	-86	1.0
NP_240892.1	-60	3.0
NP_240893.1	-134	6.0
NP_240894.1	-122	2.0
NP_240895.1	-95	1.0
NP_240896.1	-76	8.0
NP_240897.1	-81	5.0
NP_240899.1	-72	3.0
NP_240900.1	-85	5.0
NP_240901.1	-37	3.0
NP_240902.1	-118	3.0
NP_240903.1	-12	6.0
NP_240904.1	-9	1.0
NP_240905.1	-101	3.0
NP_240906.1	-8	4.0
NP_240907.1	-114	5.0
NP_240908.1	-74	2.0
NP_240910.1	-107	5.0
NP_240911.1	-156	1.0
NP_240912.1	-31	7.0
NP_240913.1	-98	2.0
NP_240914.1	-18	2.0
NP_240915.1	-127	2.0
NP_240916.1	-50	7.0
NP_240918.1	-7	1.0
NP_240919.1	-171	2.0
NP_240920.1	-133	1.0
NP_240921.1	-18	3.0
NP_240922.1	-79	6.0
NP_240923.1	-134	1.0
NP_240924.1	-121	7.0
NP_240925.1	-28	6.0
NP_240926.1	-28	4.0
NP_240927.1	-124	2.0
NP_240928.1	-123	5.0
NP_240929.1	-66	3.0
NP_240930.1	-50	2.0
NP_240931.1	-118	4.0
NP_240932.1	-152	1.0
NP_240933.1	-20	1.0
NP_240934.1	-79	2.0
NP_240935.1	-133	1.0
NP_240936.1	-87	6.0
NP_240937.1	-82	2.0
NP_240938.1	-53	2.0
NP_240939.1	-33	1.0
NP_240940.1	-38	1.0
NP_240941.1	-36	2.0
NP_240942.1	-6	1.0
NP_240943.1	-44	5.0
NP_240944.1	0	0.0
NP_240947.1	-10	5.0
NP_240949.1	-89	6.0
NP_240950.1	-83	7.0
NP_240951.1	-169	2.0
NP_240952.1	-134	2.0
NP_240953.1	-118	1.0
NP_240954.1	-145	2.0
NP_240955.1	-15	4.0
NP_240956.1	-113	0.0
NP_240957.1	-111	8.0
NP_240958.1	-98	7.0
NP_240959.1	-124	6.0
NP_240960.1	-49	1.0
NP_240961.1	-64	1.0
NP_240962.1	-25	3.0
NP_240963.1	-63	4.0
NP_240964.1	-177	5.0
NP_240965.1	-101	3.0
NP_240966.1	-62	7.0
NP_240967.1	-46	3.0
NP_240968.1	-154	6.0
NP_240969.1	-156	0.0
NP_240970.1	-135	1.0
NP_240971.1	-155	8.0
NP_240972.1	-175	1.0
NP_240973.1	-74	5.0
NP_240974.1	-79	3.0
NP_240975.1	-107	3.0
NP_240976.1	-103	4.0
NP_240977.1	-141	2.0
NP_240978.1	-47	1.0
NP_240979.1	-121	8.0
NP_240980.1	-57	8.0
NP_240981.1	-117	1.0
NP_240982.1	-9	1.0
NP_240983.1	-7	1.0
NP_240984.1	-78	5.0
NP_240985.1	-94	1.0
NP_240986.1	-119	5.0
NP_240987.1	-87	1.0
NP_240988.1	-25	1.0
NP_240989.1	-15	1.0
NP_240990.1	-82	1.0
NP_240992.1	-63	4.0
NP_240993.1	-61	2.0
NP_240994.1	-17	6.0
NP_240995.1	-83	7.0
NP_240996.1	-100	2.0
NP_240997.1	-57	6.0
NP_240998.1	-78	9.0
NP_240999.1	-66	9.0
NP_241000.1	-114	8.0
NP_241001.1	-118	4.0
NP_241002.1	-41	1.0
NP_241003.1	-174	1.0
NP_241004.1	-54	3.0
NP_241005.1	-64	6.0
NP_241006.1	-135	2.0
NP_241007.1	-91	1.0
NP_241008.1	-31	3.0
NP_241009.1	-45	3.0
NP_241010.1	-61	3.0
NP_241011.1	-54	4.0
NP_241012.1	-111	3.0
NP_241013.1	-34	1.0
NP_241014.1	-80	2.0
NP_241015.1	-81	3.0
NP_241016.1	-58	9.0
NP_241017.1	-95	6.0
NP_241018.1	-25	1.0
NP_241019.1	-82	5.0
NP_241020.1	-179	4.0
NP_241021.1	-105	1.0
NP_241022.1	-137	3.0
NP_241024.1	-41	7.0
NP_241025.1	-17	4.0
NP_241026.1	-67	1.0
NP_241027.1	-56	6.0
NP_241028.1	-90	1.0
NP_241029.1	-68	3.0
NP_241030.1	-93	4.0
NP_241031.1	-111	1.0
NP_241032.1	-70	1.0
NP_241033.1	-97	5.0
NP_241034.1	-84	5.0
NP_241035.1	-65	3.0
NP_241036.1	-93	1.0
NP_241037.1	-110	5.0
NP_241038.1	-115	7.0
NP_241040.1	-72	6.0
NP_241045.1	-47	2.0
NP_241047.1	-16	2.0
NP_241048.1	-25	2.0
NP_241049.1	-155	1.0
NP_241051.1	-28	4.0
NP_241053.1	-59	3.0
NP_241055.1	-55	6.0
NP_241056.1	-86	2.0
NP_241057.1	-18	6.0
NP_241058.1	-12	8.0
NP_241059.1	-14	5.0
NP_241060.1	-48	8.0
NP_241061.1	-140	2.0
NP_241062.1	-90	4.0
NP_241064.1	-19	7.0
NP_241065.1	-22	4.0
NP_241067.1	-72	2.0
NP_241068.1	-47	6.0
NP_241069.1	-133	3.0
NP_241070.1	-89	2.0
NP_241071.1	-155	9.0
NP_241072.1	-9	2.0
NP_241073.1	-92	7.0
NP_241074.1	-43	1.0
NP_241075.1	-21	6.0
NP_241076.1	-12	6.0
NP_241077.1	-53	6.0
NP_241078.1	-26	1.0
NP_241079.1	-80	4.0
NP_241080.1	-108	6.0
NP_241081.1	-99	4.0
NP_241082.1	-119	7.0
NP_241083.1	-155	3.0
NP_241084.1	-103	2.0
NP_241085.1	-128	2.0
NP_241086.1	-29	3.0
NP_241087.1	-25	1.0
NP_241088.1	-6	1.0
NP_241089.1	-36	1.0
NP_241090.1	-101	6.0
NP_241091.1	-37	7.0
NP_241096.1	-55	3.0
NP_241097.1	-91	2.0
NP_241098.1	-80	2.0
NP_241099.1	-6	1.0
NP_241101.1	-7	2.0
NP_241103.1	-73	6.0
NP_241104.1	-27	8.0
NP_241105.1	-73	5.0
NP_241106.1	-140	2.0
NP_241107.1	-45	4.0
NP_241108.1	-61	8.0
NP_241109.1	-81	6.0
NP_241110.1	-15	4.0
NP_241111.1	-16	2.0
NP_241113.1	-35	4.0
NP_241114.1	-41	2.0
NP_241115.1	-31	4.0
NP_241116.1	-14	3.0
NP_241117.1	-14	3.0
NP_241118.1	-41	8.0
NP_241119.1	-36	4.0
NP_241120.1	0	0.0
NP_241121.1	-15	2.0
NP_241122.1	-35	1.0
NP_241123.1	-95	4.0
NP_241124.1	-27	5.0
NP_241125.1	-66	2.0
NP_241129.1	-27	4.0
NP_241131.1	-126	2.0
NP_241132.1	-50	1.0
NP_241133.1	-130	1.0
NP_241134.1	-136	3.0
NP_241136.1	-16	1.0
NP_241137.1	-76	1.0
NP_241138.1	-62	4.0
NP_241139.1	-105	2.0
NP_241141.1	-17	1.0
NP_241142.1	-39	1.0
NP_241143.1	-51	2.0
NP_241147.1	-46	7.0
NP_241149.1	-22	2.0
NP_241150.1	-64	4.0
NP_241151.1	-51	7.0
NP_241152.1	-85	5.0
NP_241153.1	-11	3.0
NP_241154.1	-43	2.0
NP_241155.1	-30	9.0
NP_241156.1	-48	2.0
NP_241159.1	-76	1.0
NP_241162.1	-133	5.0
NP_241163.1	-77	6.0
NP_241165.1	-6	5.0
NP_241169.1	-40	4.0
NP_241171.1	-58	2.0
NP_241172.1	-43	5.0
NP_241181.1	-73	4.0
NP_241182.1	-10	1.0
NP_241186.1	-37	3.0
NP_241188.1	-100	5.0
NP_241192.1	-28	5.0
NP_241196.1	-8	1.0
NP_241200.1	-7	3.0
NP_241201.1	-33	3.0
NP_241202.1	-95	2.0
NP_241203.1	-21	7.0
NP_241204.1	-8	3.0
NP_241205.1	-39	1.0
NP_241206.1	-27	6.0
NP_241207.1	-113	4.0
NP_241208.1	-34	1.0
NP_241209.1	-13	2.0
NP_241211.1	-7	3.0
NP_241213.1	-44	3.0
NP_241214.1	-67	1.0
NP_241215.1	-62	2.0
NP_241216.1	-127	3.0
NP_241217.1	-118	4.0
NP_241218.1	-15	2.0
NP_241219.1	-7	6.0
NP_241221.1	-71	5.0
NP_241224.1	-128	1.0
NP_241225.1	-64	2.0
NP_241227.1	-62	0.0
NP_241228.1	-20	5.0
NP_241229.1	-126	5.0
NP_241230.1	-21	3.0
NP_241232.1	-68	4.0
NP_241234.1	-30	8.0
NP_241235.1	-23	1.0
NP_241237.1	-8	1.0
NP_241238.1	-69	4.0
NP_241239.1	-54	5.0
NP_241242.1	-121	2.0
NP_241244.1	-18	1.0
NP_241245.1	-16	3.0
NP_241246.1	-30	1.0
NP_241248.1	-50	2.0
NP_241249.1	-26	2.0
NP_241254.1	-10	7.0
NP_241255.1	-29	2.0
NP_241256.1	-20	3.0
NP_241257.1	-51	9.0
NP_241259.1	-43	7.0
NP_241260.1	-48	8.0
NP_241262.1	-13	1.0
NP_241263.1	-163	4.0
NP_241264.1	-57	1.0
NP_241265.1	-147	5.0
NP_241266.1	-69	9.0
NP_241267.1	-53	9.0
NP_241271.1	-78	7.0
NP_241272.1	-37	4.0
NP_241273.1	-13	4.0
NP_241274.1	-120	2.0
NP_241275.1	-44	2.0
NP_241276.1	-7	8.0
NP_241277.1	-14	1.0
NP_241278.1	-43	3.0
NP_241279.1	-152	8.0
NP_241280.1	-169	5.0
NP_241281.1	-36	7.0
NP_241282.1	-15	3.0
NP_241283.1	-106	2.0
NP_241284.1	-6	1.0
NP_241285.1	-56	2.0
NP_241286.1	-73	1.0
NP_241287.1	-107	5.0
NP_241288.1	-146	2.0
NP_241289.1	-40	7.0
NP_241290.1	-42	5.0
NP_241292.1	-41	7.0
NP_241294.1	-26	1.0
NP_241295.1	-24	9.0
NP_241296.1	-18	5.0
NP_241297.1	-58	6.0
NP_241298.1	-166	2.0
NP_241299.1	-17	3.0
NP_241300.1	-41	1.0
NP_241301.1	-37	2.0
NP_241304.1	-20	7.0
NP_241305.1	-136	6.0
NP_241306.1	-86	3.0
NP_241307.1	-64	1.0
NP_241308.1	-71	5.0
NP_241309.1	-53	5.0
NP_241311.1	-69	2.0
NP_241314.1	-58	1.0
NP_241317.1	-89	2.0
NP_241326.1	-15	6.0
NP_241328.1	-15	1.0
NP_241329.1	-65	9.0
NP_241330.1	-97	3.0
NP_241331.1	-58	5.0
NP_241332.1	-9	4.0
NP_241333.1	-84	2.0
NP_241334.1	-36	2.0
NP_241335.1	-72	3.0
NP_241336.1	-30	6.0
NP_241339.1	-18	3.0
NP_241341.1	-15	1.0
NP_241342.1	-77	2.0
NP_241345.1	-43	3.0
NP_241346.1	-11	3.0
NP_241347.1	-25	1.0
NP_241349.1	-11	1.0
NP_241350.1	-14	2.0
NP_241353.1	-9	8.0
NP_241355.1	-12	2.0
NP_241356.1	-180	7.0
NP_241357.1	-7	2.0
NP_241358.1	-121	2.0
NP_241363.1	-32	3.0
NP_241366.1	-19	2.0
NP_241367.1	-163	4.0
NP_241368.1	-53	1.0
NP_241369.1	-38	7.0
NP_241371.1	-65	2.0
NP_241372.1	-101	4.0
NP_241374.1	-38	9.0
NP_241375.1	-7	3.0
NP_241377.1	-50	5.0
NP_241378.1	-72	1.0
NP_241379.1	-35	5.0
NP_241380.1	-56	1.0
NP_241381.1	-15	5.0
NP_241382.1	-24	6.0
NP_241383.1	-16	2.0
NP_241384.1	-32	1.0
NP_241385.1	-125	1.0
NP_241386.1	-125	2.0
NP_241387.1	-14	1.0
NP_241388.1	-72	2.0
NP_241392.1	-13	4.0
NP_241393.1	-25	4.0
NP_241394.1	-57	6.0
NP_241395.1	-80	1.0
NP_241397.1	-166	2.0
NP_241398.1	-57	5.0
NP_241399.1	-101	3.0
NP_241400.1	-86	1.0
NP_241402.1	-30	4.0
NP_241403.1	-97	3.0
NP_241404.1	-64	8.0
NP_241405.1	-142	2.0
NP_241407.1	-46	8.0
NP_241408.1	-89	2.0
NP_241410.1	-46	6.0
NP_241411.1	-60	1.0
NP_241412.1	-75	6.0
NP_241413.1	-54	8.0
NP_241414.2	-174	2.0
NP_241416.1	-112	0.0
NP_241417.1	-109	2.0
NP_241419.1	-42	2.0
NP_241420.1	-61	2.0
NP_241421.1	-130	7.0
NP_241422.1	-16	4.0
NP_241423.1	-175	2.0
NP_241424.1	-42	3.0
NP_241426.1	-81	5.0
NP_241427.1	-41	3.0
NP_241428.1	-17	3.0
NP_241431.1	-34	3.0
NP_241432.1	-21	4.0
NP_241433.1	-143	1.0
NP_241434.1	-97	7.0
NP_241435.1	-41	3.0
NP_241436.1	-74	2.0
NP_241437.1	-58	8.0
NP_241440.1	-134	2.0
NP_241441.1	-10	2.0
NP_241444.1	-136	2.0
NP_241445.1	-57	4.0
NP_241446.1	-23	6.0
NP_241447.1	-72	3.0
NP_241448.1	-66	6.0
NP_241449.1	-9	3.0
NP_241451.1	-59	1.0
NP_241452.1	-48	7.0
NP_241454.1	-13	3.0
NP_241455.1	-44	2.0
NP_241456.1	-82	3.0
NP_241457.1	-75	2.0
NP_241458.1	-82	2.0
NP_241460.1	-130	5.0
NP_241461.1	-171	1.0
NP_241462.1	-176	0.0
NP_241463.1	-94	2.0
NP_241464.1	-148	1.0
NP_241465.1	-55	3.0
NP_241467.1	-26	5.0
NP_241468.1	-103	2.0
NP_241470.1	-141	5.0
NP_241471.1	-40	6.0
NP_241472.1	-113	2.0
NP_241473.1	-100	3.0
NP_241474.1	-155	6.0
NP_241475.1	-174	2.0
NP_241476.1	-30	2.0
NP_241477.1	-101	3.0
NP_241478.1	-156	2.0
NP_241479.1	-159	2.0
NP_241480.1	-37	2.0
NP_241481.1	-115	2.0
NP_241482.1	-61	4.0
NP_241486.1	-21	3.0
NP_241487.1	-27	1.0
NP_241488.1	-16	3.0
NP_241489.1	-88	6.0
NP_241490.1	-131	5.0
NP_241491.1	-162	4.0
NP_241492.1	-114	9.0
NP_241493.1	-39	6.0
NP_241494.1	-117	8.0
NP_241495.1	-29	6.0
NP_241496.1	-146	1.0
NP_241497.1	-154	2.0
NP_241498.1	-70	3.0
NP_241499.1	-179	5.0
NP_241500.1	-141	1.0
NP_241502.1	-10	2.0
NP_241503.1	-46	5.0
NP_241506.1	-109	3.0
NP_241509.1	-18	2.0
NP_241510.1	-15	3.0
NP_241511.1	-34	4.0
NP_241512.1	-10	2.0
NP_241513.1	-110	2.0
NP_241514.1	-175	4.0
NP_241515.1	-168	6.0
NP_241516.1	-66	9.0
NP_241517.1	-37	1.0
NP_241518.1	-84	6.0
NP_241519.1	-9	4.0
NP_241521.1	-37	9.0
NP_241522.1	-61	5.0
NP_241523.1	-16	1.0
NP_241524.1	-17	8.0
NP_241526.1	-167	9.0
NP_241527.1	-29	1.0
NP_241529.1	-11	2.0
NP_241530.1	-25	1.0
NP_241531.1	-47	8.0
NP_241532.1	-130	7.0
NP_241533.1	-151	7.0
NP_241534.1	-15	3.0
NP_241536.1	-47	1.0
NP_241537.1	-56	1.0
NP_241538.1	-82	4.0
NP_241539.1	-153	7.0
NP_241541.1	-34	4.0
NP_241542.1	-120	2.0
NP_241543.1	-19	1.0
NP_241544.1	-30	8.0
NP_241546.1	-50	1.0
NP_241547.1	-132	2.0
NP_241549.1	-53	2.0
NP_241550.1	-57	8.0
NP_241551.1	-21	1.0
NP_241552.1	-23	7.0
NP_241553.1	-153	0.0
NP_241554.1	-7	3.0
NP_241555.1	-33	3.0
NP_241559.1	-8	5.0
NP_241560.1	-13	7.0
NP_241562.1	-40	1.0
NP_241563.1	-28	3.0
NP_241565.1	-48	1.0
NP_241566.1	-21	9.0
NP_241567.1	-34	8.0
NP_241568.1	-9	5.0
NP_241569.1	-50	8.0
NP_241570.1	-43	4.0
NP_241571.1	0	0.0
NP_241572.1	-81	7.0
NP_241573.1	-26	5.0
NP_241574.1	-16	1.0
NP_241576.1	-67	3.0
NP_241577.1	-14	4.0
NP_241578.1	-93	5.0
NP_241579.1	-82	0.0
NP_241580.1	-156	5.0
NP_241581.1	-27	1.0
NP_241583.1	-12	1.0
NP_241585.1	-22	1.0
NP_241587.1	-9	8.0
NP_241590.1	-14	3.0
NP_241591.1	-77	6.0
NP_241592.1	-25	3.0
NP_241593.1	-60	1.0
NP_241597.1	-81	5.0
NP_241598.1	-12	1.0
NP_241603.1	-42	6.0
NP_241604.1	-96	7.0
NP_241606.1	-10	7.0
NP_241610.1	-132	8.0
NP_241611.1	-62	1.0
NP_241612.1	-94	5.0
NP_241613.1	-21	5.0
NP_241614.1	-80	3.0
NP_241615.1	-29	3.0
NP_241616.1	-7	7.0
NP_241617.1	-7	4.0
NP_241618.1	-74	5.0
NP_241619.1	-100	4.0
NP_241620.1	-63	4.0
NP_241621.1	-92	3.0
NP_241622.1	-37	2.0
NP_241624.1	-37	2.0
NP_241626.1	-39	2.0
NP_241627.1	-74	3.0
NP_241628.1	-119	4.0
NP_241629.1	-6	2.0
NP_241630.1	-136	7.0
NP_241633.1	-15	2.0
NP_241637.1	-50	2.0
NP_241638.1	-84	2.0
NP_241639.1	-16	2.0
NP_241640.1	-73	2.0
NP_241642.1	-63	4.0
NP_241643.1	-105	8.0
NP_241644.1	-68	3.0
NP_241645.1	-91	3.0
NP_241646.1	-43	1.0
NP_241647.1	-62	2.0
NP_241648.1	-179	9.0
NP_241649.1	-24	2.0
NP_241650.1	-29	8.0
NP_241651.1	-7	3.0
NP_241652.1	-39	6.0
NP_241654.1	-28	1.0
NP_241655.1	-49	6.0
NP_241657.1	-12	7.0
NP_241658.1	-27	3.0
NP_241659.1	-15	9.0
NP_241660.1	-14	8.0
NP_241661.1	-23	8.0
NP_241663.1	-42	3.0
NP_241664.1	-30	3.0
NP_241665.1	-156	8.0
NP_241666.1	-110	2.0
NP_241667.1	-37	3.0
NP_241668.1	-23	3.0
NP_241670.1	-59	1.0
NP_241671.1	-70	2.0
NP_241673.1	-130	2.0
NP_241676.1	-23	2.0
NP_241677.1	-6	3.0
NP_241678.1	-15	2.0
NP_241679.1	-50	6.0
NP_241680.1	-56	6.0
NP_241681.1	-174	3.0
NP_241682.1	-31	5.0
NP_241683.1	-49	1.0
NP_241684.1	-137	4.0
NP_241685.1	-101	4.0
NP_241686.1	-94	4.0
NP_241687.1	-51	6.0
NP_241688.1	-49	7.0
NP_241689.1	-147	3.0
NP_241690.1	-69	1.0
NP_241692.1	-88	1.0
NP_241693.1	-107	4.0
NP_241694.1	-119	8.0
NP_241696.1	-15	5.0
NP_241697.1	-27	4.0
NP_241698.1	-28	1.0
NP_241700.1	-161	4.0
NP_241701.1	-97	1.0
NP_241702.1	-28	8.0
NP_241703.1	-25	1.0
NP_241705.1	-53	5.0
NP_241706.1	-12	5.0
NP_241707.1	-8	5.0
NP_241709.1	-130	3.0
NP_241710.1	-141	2.0
NP_241711.1	-104	2.0
NP_241712.1	-64	5.0
NP_241713.1	-59	3.0
NP_241716.1	-45	1.0
NP_241717.1	-13	6.0
NP_241718.1	-29	8.0
NP_241721.1	-64	4.0
NP_241723.1	-31	4.0
NP_241724.1	-115	1.0
NP_241725.1	-27	1.0
NP_241726.1	-168	2.0
NP_241729.1	-5	1.0
NP_241731.1	-179	2.0
NP_241732.1	-130	2.0
NP_241733.1	-131	8.0
NP_241734.1	-16	3.0
NP_241735.1	-8	3.0
NP_241736.1	-10	5.0
NP_241737.1	-70	6.0
NP_241738.1	-176	0.0
NP_241739.1	-66	9.0
NP_241740.1	-78	4.0
NP_241741.1	-138	2.0
NP_241742.1	-49	3.0
NP_241743.1	-94	9.0
NP_241744.1	-156	5.0
NP_241748.1	-61	2.0
NP_241750.1	-98	6.0
NP_241751.1	-28	6.0
NP_241752.1	-45	2.0
NP_241753.1	-100	1.0
NP_241754.1	-97	5.0
NP_241755.1	-174	6.0
NP_241757.1	-13	3.0
NP_241760.1	-57	4.0
NP_241761.1	-101	4.0
NP_241763.1	-142	0.0
NP_241766.1	-26	1.0
NP_241767.1	-37	2.0
NP_241768.1	-34	2.0
NP_241769.1	-40	6.0
NP_241771.1	-7	1.0
NP_241772.1	0	0.0
NP_241773.1	-37	3.0
NP_241775.1	-24	2.0
NP_241776.1	-30	8.0
NP_241777.1	-52	7.0
NP_241778.1	-173	7.0
NP_241779.1	-63	3.0
NP_241780.1	-30	4.0
NP_241782.1	-170	2.0
NP_241785.1	-60	4.0
NP_241786.1	-6	5.0
NP_241789.1	-79	1.0
NP_241790.1	-57	2.0
NP_241791.1	-26	1.0
NP_241794.1	-24	4.0
NP_241795.1	-116	2.0
NP_241797.1	-142	9.0
NP_241798.1	-42	6.0
NP_241801.1	-61	4.0
NP_241802.1	-117	6.0
NP_241803.1	-23	3.0
NP_241804.1	-46	6.0
NP_241806.1	-93	8.0
NP_241807.1	-126	0.0
NP_241808.1	-110	5.0
NP_241809.1	-140	4.0
NP_241810.1	-7	2.0
NP_241811.1	-33	1.0
NP_241813.1	-16	2.0
NP_241814.1	-75	3.0
NP_241815.1	-36	6.0
NP_241817.1	-74	3.0
NP_241818.1	-60	4.0
NP_241820.1	-17	5.0
NP_241826.1	-14	2.0
NP_241827.1	-17	3.0
NP_241831.1	-22	8.0
NP_241832.1	-22	2.0
NP_241835.1	-115	1.0
NP_241837.1	-10	3.0
NP_241838.1	-12	7.0
NP_241840.1	-28	2.0
NP_241841.1	-24	0.0
NP_241846.1	-9	6.0
NP_241847.1	-17	1.0
NP_241848.1	-73	3.0
NP_241849.1	-16	1.0
NP_241852.1	-27	3.0
NP_241853.1	-8	7.0
NP_241855.1	-16	5.0
NP_241856.1	-17	1.0
NP_241857.1	-118	1.0
NP_241858.1	-109	3.0
NP_241859.1	-41	1.0
NP_241860.1	-25	3.0
NP_241861.1	-173	1.0
NP_241863.1	-55	5.0
NP_241864.1	-39	3.0
NP_241865.1	-15	3.0
NP_241866.1	-13	3.0
NP_241868.1	-18	5.0
NP_241869.1	-71	2.0
NP_241871.1	-100	4.0
NP_241872.1	-20	5.0
NP_241873.1	-142	6.0
NP_241874.1	-97	6.0
NP_241875.1	-28	6.0
NP_241876.1	-22	3.0
NP_241877.1	-135	7.0
NP_241878.1	-85	6.0
NP_241879.1	-44	8.0
NP_241880.1	-48	6.0
NP_241881.1	-44	4.0
NP_241882.1	-79	6.0
NP_241883.1	-10	5.0
NP_241884.1	-68	5.0
NP_241886.1	-109	3.0
NP_241887.1	-37	5.0
NP_241888.1	-78	8.0
NP_241889.1	-77	3.0
NP_241891.1	-111	2.0
NP_241892.1	-75	3.0
NP_241893.1	-105	9.0
NP_241894.1	-73	2.0
NP_241895.1	-87	2.0
NP_241896.1	-45	2.0
NP_241897.1	-32	4.0
NP_241899.1	-11	8.0
NP_241900.1	-30	2.0
NP_241901.1	-93	4.0
NP_241902.1	-31	9.0
NP_241903.1	-21	2.0
NP_241904.1	-53	3.0
NP_241905.1	-143	1.0
NP_241907.1	-9	3.0
NP_241908.1	-36	1.0
NP_241910.1	-25	2.0
NP_241911.1	-20	7.0
NP_241912.1	-26	2.0
NP_241913.1	-65	5.0
NP_241914.1	-61	5.0
NP_241915.1	-16	5.0
NP_241916.1	-15	2.0
NP_241917.1	-49	3.0
NP_241919.1	-94	4.0
NP_241920.1	-81	3.0
NP_241922.1	-7	9.0
NP_241923.1	-30	4.0
NP_241924.1	-159	9.0
NP_241925.1	-68	2.0
NP_241926.1	-164	2.0
NP_241928.1	-25	1.0
NP_241929.1	-68	3.0
NP_241931.1	-23	4.0
NP_241932.1	-16	2.0
NP_241933.1	-33	7.0
NP_241936.1	-123	2.0
NP_241937.1	-37	5.0
NP_241938.1	-7	2.0
NP_241939.1	-64	5.0
NP_241940.1	-26	7.0
NP_241941.1	-56	2.0
NP_241942.1	-145	8.0
NP_241943.1	-119	6.0
NP_241944.1	-102	1.0
NP_241945.1	-175	3.0
NP_241946.1	-48	7.0
NP_241947.1	-122	4.0
NP_241948.1	-111	2.0
NP_241949.1	-86	2.0
NP_241950.1	0	0.0
NP_241951.1	-157	1.0
NP_241952.1	-81	8.0
NP_241953.1	-165	1.0
NP_241955.1	-167	2.0
NP_241957.1	-65	3.0
NP_241958.1	-71	4.0
NP_241959.1	-39	0.0
NP_241960.1	-49	5.0
NP_241961.1	-60	7.0
NP_241962.1	-75	7.0
NP_241963.1	-29	1.0
NP_241966.1	-90	1.0
NP_241970.1	-7	1.0
NP_241972.1	-112	2.0
NP_241973.1	-81	9.0
NP_241974.1	-125	5.0
NP_241977.1	-36	8.0
NP_241978.1	-52	7.0
NP_241979.1	-9	2.0
NP_241982.1	-6	2.0
NP_241983.1	-6	1.0
NP_241984.1	-42	7.0
NP_241985.1	-46	5.0
NP_241988.1	-17	7.0
NP_241989.1	-13	1.0
NP_241990.1	-74	2.0
NP_241991.1	-116	2.0
NP_241992.1	-141	5.0
NP_241993.1	-78	4.0
NP_241994.1	-94	1.0
NP_241995.1	-76	9.0
NP_241996.1	-132	0.0
NP_241997.1	-97	2.0
NP_241998.1	-165	4.0
NP_241999.1	-20	4.0
NP_242000.1	-113	2.0
NP_242001.1	-85	9.0
NP_242002.1	-112	3.0
NP_242003.1	-123	4.0
NP_242004.1	-31	2.0
NP_242005.1	-12	3.0
NP_242006.1	-129	3.0
NP_242007.1	-8	4.0
NP_242011.1	-38	2.0
NP_242012.1	-93	1.0
NP_242013.1	-30	7.0
NP_242014.1	-84	3.0
NP_242015.1	-19	2.0
NP_242016.1	-72	4.0
NP_242017.1	-85	6.0
NP_242018.1	-27	2.0
NP_242019.1	-89	2.0
NP_242020.1	-37	8.0
NP_242023.1	-176	0.0
NP_242024.1	-154	0.0
NP_242025.1	-41	1.0
NP_242026.1	-26	8.0
NP_242030.1	-25	8.0
NP_242031.1	-26	5.0
NP_242032.1	-128	1.0
NP_242033.1	-72	3.0
NP_242035.1	-73	1.0
NP_242036.1	-15	2.0
NP_242038.1	-41	2.0
NP_242039.1	-28	2.0
NP_242040.1	-43	2.0
NP_242041.1	-151	3.0
NP_242042.1	-11	1.0
NP_242043.1	-37	2.0
NP_242046.1	-12	2.0
NP_242049.1	-17	5.0
NP_242051.1	-79	1.0
NP_242054.1	-134	8.0
NP_242055.1	-66	4.0
NP_242056.1	-38	2.0
NP_242057.1	-112	2.0
NP_242058.1	-41	2.0
NP_242059.1	-57	6.0
NP_242060.1	-35	4.0
NP_242062.1	-23	6.0
NP_242063.1	-10	1.0
NP_242064.1	-23	1.0
NP_242065.1	-86	2.0
NP_242066.1	-84	6.0
NP_242067.1	-131	0.0
NP_242068.1	-72	2.0
NP_242069.1	-160	3.0
NP_242070.1	-144	9.0
NP_242071.1	-85	5.0
NP_242073.1	-41	1.0
NP_242075.1	-16	3.0
NP_242076.1	-14	1.0
NP_242077.1	-68	6.0
NP_242078.1	-29	2.0
NP_242079.1	-83	2.0
NP_242081.1	-109	2.0
NP_242082.1	-71	4.0
NP_242083.1	-96	2.0
NP_242084.1	-100	6.0
NP_242085.1	-86	2.0
NP_242086.1	-32	5.0
NP_242087.1	-20	5.0
NP_242089.1	-19	2.0
NP_242090.1	-68	2.0
NP_242091.1	-142	2.0
NP_242093.1	-174	2.0
NP_242094.1	-145	2.0
NP_242095.1	-17	1.0
NP_242096.1	-11	9.0
NP_242097.1	-127	4.0
NP_242098.1	-68	6.0
NP_242099.1	-23	0.0
NP_242101.1	-10	8.0
NP_242102.1	-165	4.0
NP_242103.1	-79	5.0
NP_242104.1	-106	1.0
NP_242106.1	-89	9.0
NP_242107.1	-80	1.0
NP_242108.1	-180	3.0
NP_242109.1	-75	1.0
NP_242110.1	-16	2.0
NP_242111.1	-34	8.0
NP_242112.1	-37	8.0
NP_242114.1	-42	1.0
NP_242115.1	-6	2.0
NP_242116.1	-77	1.0
NP_242117.1	-103	6.0
NP_242118.1	-151	2.0
NP_242119.1	-57	7.0
NP_242121.1	-121	3.0
NP_242122.1	-44	4.0
NP_242123.1	-96	3.0
NP_242124.1	-9	2.0
NP_242125.1	-70	4.0
NP_242126.1	-161	4.0
NP_242127.1	-132	7.0
NP_242128.1	-53	3.0
NP_242129.1	-107	9.0
NP_242131.1	-25	1.0
NP_242132.1	-54	2.0
NP_242133.1	-73	3.0
NP_242134.1	-43	3.0
NP_242135.1	-58	2.0
NP_242136.1	-9	9.0
NP_242137.1	-85	4.0
NP_242138.1	-75	2.0
NP_242139.1	-161	2.0
NP_242140.1	-80	5.0
NP_242141.1	-54	2.0
NP_242142.1	-58	6.0
NP_242143.1	-6	4.0
NP_242144.1	-17	1.0
NP_242145.1	-74	7.0
NP_242147.1	-18	1.0
NP_242148.1	-24	1.0
NP_242150.1	-173	2.0
NP_242151.1	-123	1.0
NP_242154.1	-12	1.0
NP_242156.1	-32	4.0
NP_242157.1	-13	1.0
NP_242160.1	-24	1.0
NP_242161.1	-14	3.0
NP_242166.1	-31	4.0
NP_242167.1	-41	1.0
NP_242168.1	-26	5.0
NP_242169.1	-71	4.0
NP_242172.1	-150	4.0
NP_242173.1	-16	3.0
NP_242174.1	-27	2.0
NP_242175.1	-45	1.0
NP_242176.1	-29	2.0
NP_242177.1	-81	2.0
NP_242179.1	-11	1.0
NP_242180.1	-14	2.0
NP_242181.1	-18	9.0
NP_242182.1	-71	6.0
NP_242183.1	-10	5.0
NP_242184.1	-21	9.0
NP_242185.1	-147	3.0
NP_242187.1	-8	3.0
NP_242188.1	-73	6.0
NP_242189.1	0	0.0
NP_242190.1	-88	2.0
NP_242191.1	-40	4.0
NP_242192.1	-65	2.0
NP_242193.1	-70	2.0
NP_242194.1	-44	7.0
NP_242195.1	-81	9.0
NP_242196.1	-78	8.0
NP_242197.1	-94	2.0
NP_242198.1	-8	1.0
NP_242199.1	-33	1.0
NP_242200.1	-82	2.0
NP_242201.1	-118	2.0
NP_242203.1	-70	9.0
NP_242204.1	-17	5.0
NP_242205.1	-18	6.0
NP_242206.1	0	0.0
NP_242208.1	-47	0.0
NP_242209.1	-105	1.0
NP_242210.1	-120	2.0
NP_242211.1	-54	9.0
NP_242212.1	-117	0.0
NP_242213.1	-16	3.0
NP_242214.1	-159	7.0
NP_242215.1	-134	1.0
NP_242216.1	-74	8.0
NP_242217.1	-80	0.0
NP_242218.1	-91	1.0
NP_242219.1	-36	2.0
NP_242220.1	-14	3.0
NP_242221.1	-54	2.0
NP_242222.1	-8	2.0
NP_242225.1	-39	4.0
NP_242226.1	-92	5.0
NP_242227.1	-145	4.0
NP_242228.1	0	0.0
NP_242229.1	-54	1.0
NP_242230.1	-9	4.0
NP_242231.1	-21	2.0
NP_242232.1	-63	2.0
NP_242233.1	-168	3.0
NP_242234.1	-7	5.0
NP_242235.1	-103	5.0
NP_242236.1	-132	9.0
NP_242237.1	-138	2.0
NP_242238.1	-103	4.0
NP_242239.1	-103	1.0
NP_242240.1	-28	4.0
NP_242241.1	-97	2.0
NP_242242.1	-111	7.0
NP_242244.1	-13	1.0
NP_242245.1	-69	9.0
NP_242246.1	-174	2.0
NP_242248.1	-174	5.0
NP_242249.1	-26	6.0
NP_242251.1	-160	8.0
NP_242252.1	-166	2.0
NP_242253.1	-9	1.0
NP_242254.1	-40	7.0
NP_242255.1	-45	4.0
NP_242256.1	-28	1.0
NP_242258.1	-166	2.0
NP_242259.1	-120	7.0
NP_242260.1	-112	1.0
NP_242261.1	-109	8.0
NP_242262.1	-58	2.0
NP_242264.1	-12	3.0
NP_242265.1	-9	4.0
NP_242267.1	-111	1.0
NP_242268.1	-20	4.0
NP_242269.1	-41	4.0
NP_242270.1	-99	3.0
NP_242272.1	-19	2.0
NP_242273.1	-31	9.0
NP_242275.1	-114	6.0
NP_242276.1	-158	2.0
NP_242277.1	-171	0.0
NP_242278.1	-17	7.0
NP_242281.1	-28	2.0
NP_242282.1	-63	2.0
NP_242283.1	-45	4.0
NP_242284.1	-8	9.0
NP_242285.1	-108	3.0
NP_242287.1	-13	1.0
NP_242289.1	-151	3.0
NP_242291.1	-116	4.0
NP_242292.1	-168	7.0
NP_242294.1	-62	9.0
NP_242295.1	-109	2.0
NP_242297.1	-40	6.0
NP_242298.1	-9	2.0
NP_242299.1	-86	8.0
NP_242300.1	-44	2.0
NP_242301.1	-75	5.0
NP_242303.1	-37	4.0
NP_242304.1	-39	1.0
NP_242305.1	-61	1.0
NP_242306.1	-78	4.0
NP_242307.1	-43	7.0
NP_242309.1	-13	7.0
NP_242311.1	-135	0.0
NP_242312.1	-124	6.0
NP_242313.1	-68	5.0
NP_242314.1	-86	1.0
NP_242319.1	-37	6.0
NP_242320.1	-50	1.0
NP_242321.1	-97	1.0
NP_242322.1	-105	3.0
NP_242323.1	-115	3.0
NP_242327.1	-76	1.0
NP_242328.1	-73	2.0
NP_242329.1	-129	6.0
NP_242330.1	-95	3.0
NP_242331.1	-65	2.0
NP_242332.1	-88	7.0
NP_242334.1	-13	2.0
NP_242335.1	-92	4.0
NP_242336.1	-68	1.0
NP_242338.1	-138	4.0
NP_242339.1	-17	4.0
NP_242341.1	-12	6.0
NP_242342.1	-8	8.0
NP_242343.1	-58	2.0
NP_242344.1	-6	8.0
NP_242347.1	-160	2.0
NP_242348.1	-45	6.0
NP_242350.1	-10	2.0
NP_242351.1	-10	2.0
NP_242352.1	-96	1.0
NP_242353.1	-29	1.0
NP_242354.1	-9	8.0
NP_242355.1	-89	2.0
NP_242357.1	-53	5.0
NP_242358.1	-44	4.0
NP_242359.1	-14	9.0
NP_242360.1	-12	8.0
NP_242361.1	-110	4.0
NP_242362.1	-53	8.0
NP_242363.1	-33	9.0
NP_242364.1	-47	7.0
NP_242366.1	-44	1.0
NP_242367.1	-41	1.0
NP_242368.1	-8	1.0
NP_242369.1	-67	1.0
NP_242370.1	-168	2.0
NP_242371.1	-132	5.0
NP_242372.1	-83	5.0
NP_242374.1	-74	0.0
NP_242375.1	-15	3.0
NP_242376.1	-74	6.0
NP_242377.1	-139	7.0
NP_242379.1	-41	3.0
NP_242380.1	-83	4.0
NP_242381.1	-58	1.0
NP_242382.1	-57	2.0
NP_242383.1	-52	3.0
NP_242384.1	-97	1.0
NP_242385.1	-33	5.0
NP_242386.1	-45	4.0
NP_242387.1	-46	1.0
NP_242388.1	-24	2.0
NP_242390.1	-65	8.0
NP_242391.1	-39	3.0
NP_242392.1	-65	8.0
NP_242393.1	-87	7.0
NP_242394.1	-20	6.0
NP_242395.1	-142	8.0
NP_242396.1	-105	3.0
NP_242397.1	-130	2.0
NP_242398.1	-112	6.0
NP_242399.1	-102	3.0
NP_242400.1	-50	4.0
NP_242401.1	-164	4.0
NP_242402.1	-50	3.0
NP_242403.1	-76	5.0
NP_242404.1	-142	2.0
NP_242405.1	-49	1.0
NP_242406.1	-126	1.0
NP_242407.1	-50	3.0
NP_242408.1	-80	1.0
NP_242409.1	-41	0.0
NP_242410.1	-81	2.0
NP_242411.1	-65	1.0
NP_242412.1	-15	3.0
NP_242413.1	-56	0.0
NP_242414.1	-41	1.0
NP_242415.1	-29	2.0
NP_242416.1	-33	4.0
NP_242417.1	-122	2.0
NP_242418.1	0	0.0
NP_242419.1	-34	5.0
NP_242420.1	-154	1.0
NP_242421.1	-97	4.0
NP_242422.1	-95	7.0
NP_242423.1	-81	1.0
NP_242424.1	-27	2.0
NP_242425.1	-35	6.0
NP_242426.1	-78	1.0
NP_242427.1	-53	1.0
NP_242428.1	-97	1.0
NP_242429.1	-97	6.0
NP_242431.1	-63	1.0
NP_242433.1	-8	1.0
NP_242434.1	-54	2.0
NP_242435.1	-143	3.0
NP_242436.1	-42	7.0
NP_242438.1	-44	3.0
NP_242439.1	-123	6.0
NP_242440.1	-99	1.0
NP_242441.1	-78	7.0
NP_242442.1	-112	2.0
NP_242443.1	-61	1.0
NP_242444.1	-7	2.0
NP_242445.1	-151	6.0
NP_242446.1	-126	2.0
NP_242447.1	-66	0.0
NP_242448.1	-28	7.0
NP_242449.1	-7	3.0
NP_242451.1	-23	2.0
NP_242452.1	-49	4.0
NP_242453.1	-63	9.0
NP_242454.1	-43	2.0
NP_242455.1	-30	2.0
NP_242456.1	-25	7.0
NP_242457.1	-117	5.0
NP_242458.1	-12	7.0
NP_242459.1	-13	5.0
NP_242460.1	-10	2.0
NP_242461.1	-85	1.0
NP_242462.1	-52	2.0
NP_242463.1	-114	8.0
NP_242464.1	-89	4.0
NP_242465.1	-57	5.0
NP_242466.1	-55	1.0
NP_242468.1	-154	2.0
NP_242470.1	-59	5.0
NP_242471.1	-37	6.0
NP_242472.1	-52	2.0
NP_242473.1	-127	3.0
NP_242474.1	-42	5.0
NP_242478.1	-15	4.0
NP_242479.1	-109	1.0
NP_242480.1	-35	7.0
NP_242481.1	-18	4.0
NP_242484.1	-69	6.0
NP_242486.1	-73	8.0
NP_242487.1	-66	4.0
NP_242488.1	-131	8.0
NP_242489.1	-135	2.0
NP_242490.1	-123	2.0
NP_242493.1	-114	0.0
NP_242494.1	-142	0.0
NP_242495.1	-35	0.0
NP_242496.1	-140	7.0
NP_242497.1	-68	3.0
NP_242498.1	-138	5.0
NP_242500.1	-78	1.0
NP_242501.1	-14	2.0
NP_242502.1	-128	4.0
NP_242503.1	-24	5.0
NP_242504.1	-107	3.0
NP_242505.1	-23	2.0
NP_242506.1	-128	1.0
NP_242507.1	-18	4.0
NP_242510.1	-75	2.0
NP_242511.1	0	0.0
NP_242512.1	-105	1.0
NP_242514.1	-20	3.0
NP_242515.1	-123	6.0
NP_242516.1	-46	1.0
NP_242517.1	-58	2.0
NP_242519.1	-125	5.0
NP_242520.1	-75	2.0
NP_242521.1	-84	5.0
NP_242522.1	-169	0.0
NP_242523.1	-114	2.0
NP_242525.1	-113	3.0
NP_242526.1	-69	2.0
NP_242527.1	-62	3.0
NP_242528.1	-20	2.0
NP_242529.1	-167	4.0
NP_242530.1	-65	3.0
NP_242531.1	-135	7.0
NP_242532.1	-123	1.0
NP_242533.1	-105	7.0
NP_242535.1	-48	4.0
NP_242536.1	-61	3.0
NP_242537.1	-32	3.0
NP_242538.1	-43	5.0
NP_242539.1	-138	3.0
NP_242540.1	-105	2.0
NP_242541.1	-47	1.0
NP_242542.1	-44	1.0
NP_242543.1	-65	4.0
NP_242544.1	-138	2.0
NP_242545.1	-58	2.0
NP_242546.1	-117	4.0
NP_242547.1	-61	9.0
NP_242548.1	-82	6.0
NP_242549.1	-163	1.0
NP_242550.1	-58	2.0
NP_242551.1	-115	9.0
NP_242552.1	-17	5.0
NP_242553.1	-130	1.0
NP_242554.1	-105	8.0
NP_242555.1	-67	2.0
NP_242557.1	-79	7.0
NP_242558.1	-113	8.0
NP_242559.1	-20	2.0
NP_242560.1	-25	2.0
NP_242561.1	-131	3.0
NP_242562.1	-92	5.0
NP_242563.1	-83	1.0
NP_242564.1	-121	1.0
NP_242565.1	-34	4.0
NP_242566.1	-139	3.0
NP_242567.1	-17	3.0
NP_242568.1	-165	1.0
NP_242569.1	-92	3.0
NP_242570.1	-53	4.0
NP_242572.1	-11	1.0
NP_242573.1	-14	9.0
NP_242574.1	-92	1.0
NP_242575.1	-81	2.0
NP_242577.1	-107	5.0
NP_242578.1	-93	8.0
NP_242579.1	-112	3.0
NP_242581.1	-17	3.0
NP_242582.1	-59	2.0
NP_242583.1	-15	2.0
NP_242584.1	-153	4.0
NP_242586.1	-26	4.0
NP_242587.1	-54	4.0
NP_242589.1	-82	1.0
NP_242592.1	-97	1.0
NP_242593.1	-49	9.0
NP_242594.1	-131	2.0
NP_242595.1	-156	1.0
NP_242596.1	-42	2.0
NP_242600.1	-10	1.0
NP_242601.1	-6	2.0
NP_242602.1	-91	1.0
NP_242603.1	-58	3.0
NP_242604.1	-130	1.0
NP_242605.1	-27	2.0
NP_242608.1	-120	5.0
NP_242609.1	-11	2.0
NP_242612.1	-48	4.0
NP_242614.1	-141	6.0
NP_242615.1	-23	1.0
NP_242616.1	-25	3.0
NP_242618.1	-145	4.0
NP_242622.1	-58	4.0
NP_242628.1	-179	4.0
NP_242629.1	-108	4.0
NP_242630.1	-132	4.0
NP_242631.1	-26	3.0
NP_242634.1	-64	1.0
NP_242635.1	-30	4.0
NP_242636.1	-29	3.0
NP_242637.1	-56	2.0
NP_242638.1	-163	0.0
NP_242640.1	-44	1.0
NP_242641.1	-79	7.0
NP_242642.1	-12	7.0
NP_242644.1	-50	1.0
NP_242645.1	-15	4.0
NP_242647.1	-151	6.0
NP_242651.1	-49	8.0
NP_242652.1	-13	1.0
NP_242653.1	-57	1.0
NP_242655.1	-48	4.0
NP_242656.1	-45	0.0
NP_242657.1	-56	3.0
NP_242658.1	-48	0.0
NP_242659.1	-115	2.0
NP_242660.1	-22	6.0
NP_242661.1	-60	2.0
NP_242662.1	-39	3.0
NP_242663.1	-57	1.0
NP_242664.1	-56	2.0
NP_242665.1	-32	3.0
NP_242666.1	-59	1.0
NP_242667.1	-7	4.0
NP_242668.1	-45	3.0
NP_242669.1	-49	2.0
NP_242670.1	-47	2.0
NP_242674.1	-126	4.0
NP_242675.1	-152	5.0
NP_242676.1	-109	1.0
NP_242677.1	-118	1.0
NP_242678.1	-110	9.0
NP_242680.1	-39	2.0
NP_242683.1	-74	3.0
NP_242684.1	-104	5.0
NP_242685.1	-90	8.0
NP_242686.1	-92	2.0
NP_242687.1	-86	3.0
NP_242688.1	-84	1.0
NP_242689.1	-86	0.0
NP_242690.1	-156	1.0
NP_242691.1	-106	0.0
NP_242692.1	-91	4.0
NP_242693.1	-72	2.0
NP_242694.1	-61	3.0
NP_242695.1	-165	5.0
NP_242697.1	-133	9.0
NP_242698.1	-115	1.0
NP_242699.1	-86	2.0
NP_242700.1	-77	2.0
NP_242701.1	-63	6.0
NP_242702.1	-6	6.0
NP_242703.1	-23	2.0
NP_242704.1	-24	1.0
NP_242706.1	-65	4.0
NP_242707.1	-11	8.0
NP_242708.1	-51	9.0
NP_242709.1	-14	4.0
NP_242710.1	-30	5.0
NP_242713.1	-15	2.0
NP_242714.1	-19	4.0
NP_242715.1	-20	2.0
NP_242716.1	-16	1.0
NP_242717.1	-9	4.0
NP_242718.1	-11	7.0
NP_242720.1	-48	6.0
NP_242721.1	-42	4.0
NP_242722.1	-107	1.0
NP_242723.1	-30	2.0
NP_242725.1	-31	3.0
NP_242728.1	-24	1.0
NP_242730.1	-9	8.0
NP_242731.1	-44	4.0
NP_242732.1	-42	9.0
NP_242734.1	-24	2.0
NP_242737.1	-93	8.0
NP_242738.1	-83	9.0
NP_242739.1	0	0.0
NP_242741.1	-29	2.0
NP_242745.1	-84	6.0
NP_242748.1	-48	3.0
NP_242751.1	-66	3.0
NP_242753.1	-58	5.0
NP_242754.1	-19	1.0
NP_242755.1	-72	2.0
NP_242756.1	-40	1.0
NP_242758.1	-6	6.0
NP_242759.1	-43	2.0
NP_242760.1	-162	4.0
NP_242762.1	-71	4.0
NP_242763.1	-56	2.0
NP_242764.1	-91	9.0
NP_242766.1	-131	7.0
NP_242768.1	-21	1.0
NP_242769.1	-102	6.0
NP_242771.1	-45	0.0
NP_242772.1	-18	6.0
NP_242774.1	-39	8.0
NP_242775.1	-29	1.0
NP_242776.1	-15	1.0
NP_242777.1	-16	4.0
NP_242778.1	-24	8.0
NP_242781.1	-6	1.0
NP_242783.1	-55	3.0
NP_242786.1	-53	1.0
NP_242789.1	-119	9.0
NP_242790.1	-15	2.0
NP_242791.1	-32	2.0
NP_242792.1	-55	2.0
NP_242794.1	-61	1.0
NP_242795.1	-15	1.0
NP_242796.1	-23	3.0
NP_242798.1	-149	3.0
NP_242799.1	-115	1.0
NP_242800.1	-101	1.0
NP_242801.1	-15	1.0
NP_242803.1	-59	7.0
NP_242804.1	-22	3.0
NP_242805.1	-37	8.0
NP_242806.1	-76	2.0
NP_242807.1	-51	6.0
NP_242808.1	-23	2.0
NP_242809.1	-34	5.0
NP_242810.1	-79	2.0
NP_242811.1	-101	9.0
NP_242812.1	-15	3.0
NP_242814.1	-44	4.0
NP_242816.1	-125	3.0
NP_242817.1	-24	6.0
NP_242819.1	-30	2.0
NP_242823.1	-36	2.0
NP_242824.1	-14	1.0
NP_242827.1	-45	2.0
NP_242829.1	-17	5.0
NP_242830.1	-17	6.0
NP_242831.1	-8	2.0
NP_242832.1	-23	2.0
NP_242833.1	-75	4.0
NP_242834.1	-11	8.0
NP_242836.1	-63	5.0
NP_242839.1	-25	4.0
NP_242840.1	-19	5.0
NP_242842.1	-39	2.0
NP_242843.1	-70	3.0
NP_242844.1	-27	3.0
NP_242846.1	-147	0.0
NP_242847.1	-61	4.0
NP_242848.1	-128	9.0
NP_242849.1	0	0.0
NP_242850.1	-88	1.0
NP_242851.1	-131	2.0
NP_242852.1	-110	9.0
NP_242853.1	-26	9.0
NP_242855.1	-116	6.0
NP_242856.1	-8	1.0
NP_242857.1	-18	2.0
NP_242858.1	-36	8.0
NP_242861.1	-83	5.0
NP_242862.1	-49	1.0
NP_242863.1	-129	1.0
NP_242864.1	-12	3.0
NP_242865.1	-12	5.0
NP_242866.1	-54	3.0
NP_242871.1	-54	4.0
NP_242872.1	-111	8.0
NP_242873.1	-20	2.0
NP_242875.1	-48	1.0
NP_242876.1	-83	2.0
NP_242877.1	-114	3.0
NP_242878.1	-16	3.0
NP_242879.1	-42	0.0
NP_242880.1	-82	0.0
NP_242881.1	-21	5.0
NP_242882.1	-73	4.0
NP_242884.1	-51	1.0
NP_242885.1	-126	5.0
NP_242886.1	-177	4.0
NP_242887.1	-117	4.0
NP_242891.1	-177	2.0
NP_242892.1	-18	7.0
NP_242895.1	-155	5.0
NP_242896.1	-138	5.0
NP_242902.1	-50	3.0
NP_242903.1	-10	8.0
NP_242905.1	-25	5.0
NP_242907.1	-53	6.0
NP_242916.1	-23	1.0
NP_242917.1	-14	2.0
NP_242918.1	-54	7.0
NP_242919.1	-13	2.0
NP_242921.1	-46	2.0
NP_242922.1	-55	5.0
NP_242923.1	-45	1.0
NP_242924.1	-79	4.0
NP_242925.1	-43	6.0
NP_242926.1	-81	3.0
NP_242927.1	-14	9.0
NP_242928.1	-24	5.0
NP_242930.1	-61	2.0
NP_242931.1	-136	5.0
NP_242932.1	-56	2.0
NP_242933.1	-8	2.0
NP_242935.1	-66	3.0
NP_242940.1	-113	2.0
NP_242941.1	-61	8.0
NP_242942.1	-58	4.0
NP_242943.1	-64	1.0
NP_242944.1	-53	1.0
NP_242945.1	-14	2.0
NP_242946.1	-45	8.0
NP_242948.1	-133	2.0
NP_242950.1	-109	4.0
NP_242952.1	-22	1.0
NP_242955.1	-104	1.0
NP_242956.1	-35	1.0
NP_242960.1	-21	3.0
NP_242961.1	-66	4.0
NP_242962.1	-16	2.0
NP_242963.1	-50	6.0
NP_242964.1	-97	1.0
NP_242967.1	-178	2.0
NP_242968.1	-43	4.0
NP_242970.1	-14	2.0
NP_242975.1	-15	1.0
NP_242976.1	-28	4.0
NP_242978.1	-13	4.0
NP_242979.1	-21	5.0
NP_242982.1	-48	5.0
NP_242983.1	-71	4.0
NP_242984.1	-6	1.0
NP_242987.1	-65	2.0
NP_242988.1	-79	7.0
NP_242989.1	-47	3.0
NP_242991.1	-33	5.0
NP_242993.1	-16	3.0
NP_242995.1	-34	1.0
NP_242996.1	-63	5.0
NP_242999.1	-14	0.0
NP_243000.1	-81	3.0
NP_243001.1	-103	5.0
NP_243002.1	-33	3.0
NP_243003.1	-55	6.0
NP_243004.1	-15	3.0
NP_243005.1	-178	2.0
NP_243006.1	-172	5.0
NP_243007.1	-58	1.0
NP_243010.1	-110	1.0
NP_243011.1	-50	2.0
NP_243012.1	-49	8.0
NP_243015.1	-81	2.0
NP_243016.1	-6	8.0
NP_243017.1	-7	7.0
NP_243019.1	-15	4.0
NP_243021.1	-18	1.0
NP_243022.1	-113	3.0
NP_243023.1	-40	5.0
NP_243024.1	-140	4.0
NP_243027.1	-28	7.0
NP_243028.1	-11	8.0
NP_243029.1	-50	6.0
NP_243030.1	-8	4.0
NP_243031.1	-104	3.0
NP_243032.1	-102	4.0
NP_243033.1	-100	3.0
NP_243034.1	-30	3.0
NP_243036.1	-44	1.0
NP_243037.1	-49	3.0
NP_243039.1	-36	7.0
NP_243040.1	-86	3.0
NP_243041.1	-117	2.0
NP_243042.1	-38	1.0
NP_243043.1	-19	1.0
NP_243044.1	-104	2.0
NP_243045.1	-166	0.0
NP_243046.1	-44	2.0
NP_243049.1	-125	2.0
NP_243052.1	-26	2.0
NP_243053.1	-21	4.0
NP_243054.1	-64	7.0
NP_243055.1	-18	1.0
NP_243056.1	-29	7.0
NP_243058.1	-15	5.0
NP_243059.1	-84	3.0
NP_243061.1	-41	2.0
NP_243066.1	-56	3.0
NP_243067.1	-31	4.0
NP_243068.1	-11	7.0
NP_243070.1	-17	5.0
NP_243071.1	-128	2.0
NP_243072.1	-8	0.0
NP_243074.1	-78	1.0
NP_243075.1	-51	1.0
NP_243076.1	-35	7.0
NP_243077.1	-48	2.0
NP_243079.1	-81	2.0
NP_243080.1	-87	2.0
NP_243082.1	-178	9.0
NP_243084.1	-20	7.0
NP_243085.1	-51	3.0
NP_243086.1	-15	2.0
NP_243087.1	-23	3.0
NP_243088.1	-152	4.0
NP_243090.1	-32	1.0
NP_243091.1	-24	8.0
NP_243093.1	-51	1.0
NP_243094.1	-147	7.0
NP_243095.1	-11	1.0
NP_243097.1	-37	7.0
NP_243099.1	-11	3.0
NP_243100.1	-32	1.0
NP_243102.1	-50	5.0
NP_243103.1	-96	1.0
NP_243104.1	-63	1.0
NP_243107.1	-104	8.0
NP_243108.1	-119	8.0
NP_243109.1	-15	4.0
NP_243110.1	-112	4.0
NP_243111.1	-121	2.0
NP_243112.1	-25	7.0
NP_243113.1	-25	1.0
NP_243114.1	-52	5.0
NP_243115.1	-82	2.0
NP_243116.1	-149	1.0
NP_243118.1	-23	2.0
NP_243119.1	-36	1.0
NP_243121.1	-47	2.0
NP_243122.1	-14	1.0
NP_243123.1	-29	4.0
NP_243124.1	-86	2.0
NP_243125.1	-84	3.0
NP_243126.1	-157	3.0
NP_243128.1	-101	1.0
NP_243129.1	-53	2.0
NP_243130.1	-50	1.0
NP_243131.1	-115	4.0
NP_243133.1	-124	3.0
NP_243136.1	-32	2.0
NP_243137.1	-99	3.0
NP_243138.1	-14	3.0
NP_243139.1	-5	1.0
NP_243140.1	-7	3.0
NP_243141.1	-81	2.0
NP_243142.1	-16	6.0
NP_243143.1	-115	4.0
NP_243144.1	-66	5.0
NP_243145.1	-82	3.0
NP_243146.1	-143	9.0
NP_243147.1	-8	3.0
NP_243148.1	-28	3.0
NP_243149.1	-39	6.0
NP_243151.1	-117	2.0
NP_243153.1	-8	2.0
NP_243154.1	-43	1.0
NP_243155.1	-54	1.0
NP_243157.1	-6	3.0
NP_243158.1	-128	2.0
NP_243160.1	-11	2.0
NP_243162.1	-8	5.0
NP_243163.1	-29	7.0
NP_243165.2	-15	7.0
NP_243168.1	-42	8.0
NP_243169.1	-56	2.0
NP_243170.1	-45	5.0
NP_243171.1	-16	2.0
NP_243174.1	-84	3.0
NP_243175.1	-120	2.0
NP_243177.1	-8	8.0
NP_243178.1	-168	2.0
NP_243179.1	-89	3.0
NP_243180.1	-104	9.0
NP_243182.1	-9	2.0
NP_243183.1	-8	1.0
NP_243184.1	-31	2.0
NP_243185.1	-16	3.0
NP_243187.1	-55	4.0
NP_243188.1	-168	2.0
NP_243189.1	-43	1.0
NP_243190.1	-13	5.0
NP_243193.1	-13	7.0
NP_243195.1	-179	1.0
NP_243197.1	-80	1.0
NP_243198.1	-59	3.0
NP_243199.1	-64	2.0
NP_243201.1	-162	0.0
NP_243202.1	-91	0.0
NP_243208.1	-7	3.0
NP_243209.1	-33	3.0
NP_243215.1	-16	2.0
NP_243217.1	-20	8.0
NP_243218.1	-164	2.0
NP_243219.1	-17	1.0
NP_243220.1	-84	1.0
NP_243222.1	-103	2.0
NP_243223.1	-33	3.0
NP_243224.1	-46	4.0
NP_243226.1	-143	3.0
NP_243227.1	0	0.0
NP_243228.1	-124	5.0
NP_243229.1	-125	3.0
NP_243230.1	-75	1.0
NP_243231.1	-37	1.0
NP_243232.1	-128	6.0
NP_243233.1	-54	1.0
NP_243234.1	-92	2.0
NP_243235.1	-176	2.0
NP_243236.1	-53	1.0
NP_243237.1	-50	6.0
NP_243238.1	-122	3.0
NP_243239.1	-160	1.0
NP_243240.1	-79	1.0
NP_243241.1	-38	1.0
NP_243242.1	-141	9.0
NP_243243.1	-17	5.0
NP_243244.1	-108	1.0
NP_243247.1	-6	2.0
NP_243249.1	-161	0.0
NP_243250.1	-156	6.0
NP_243251.1	-164	2.0
NP_243252.1	-67	2.0
NP_243253.1	-55	1.0
NP_243254.1	-22	5.0
NP_243255.1	-129	3.0
NP_243256.1	-32	2.0
NP_243257.1	-56	9.0
NP_243258.1	-18	0.0
NP_243259.1	-152	1.0
NP_243260.1	-71	2.0
NP_243261.1	-163	0.0
NP_243262.1	-7	1.0
NP_243263.1	-133	6.0
NP_243264.1	-147	2.0
NP_243265.1	-117	4.0
NP_243266.1	-64	0.0
NP_243267.1	-171	5.0
NP_243268.1	-102	7.0
NP_243269.1	-143	4.0
NP_243270.1	-24	4.0
NP_243271.1	-86	3.0
NP_243272.1	-107	7.0
NP_243273.1	-145	1.0
NP_243274.1	-32	1.0
NP_243275.1	-119	3.0
NP_243276.1	-102	8.0
NP_243277.1	-47	9.0
NP_243278.1	-32	2.0
NP_243279.1	-37	7.0
NP_243280.1	-22	7.0
NP_243281.1	-24	1.0
NP_243282.1	-98	3.0
NP_243283.1	-57	6.0
NP_243284.1	-29	0.0
NP_243285.1	-161	8.0
NP_243286.1	-153	4.0
NP_243287.2	-153	0.0
NP_243288.1	-62	5.0
NP_243289.1	-113	7.0
NP_243290.1	-86	2.0
NP_243291.1	-132	2.0
NP_243292.1	-143	6.0
NP_243293.1	-135	2.0
NP_243296.1	-27	3.0
NP_243297.1	-38	2.0
NP_243301.1	-89	1.0
NP_243302.1	-30	3.0
NP_243303.2	-42	1.0
NP_243304.1	-133	3.0
NP_243305.1	-70	8.0
NP_243306.1	-32	1.0
NP_243307.1	-10	3.0
NP_243308.1	-60	4.0
NP_243310.1	-51	2.0
NP_243311.1	-46	3.0
NP_243312.1	-65	5.0
NP_243315.1	-57	2.0
NP_243317.1	-13	1.0
NP_243321.1	-123	6.0
NP_243323.1	-63	2.0
NP_243324.1	-28	2.0
NP_243325.1	-12	1.0
NP_243326.1	-32	2.0
NP_243327.1	-11	3.0
NP_243328.1	-136	2.0
NP_243329.1	-145	6.0
NP_243330.1	-82	6.0
NP_243331.1	-115	5.0
NP_243332.1	-140	1.0
NP_243333.1	-177	3.0
NP_243334.1	-79	3.0
NP_243335.1	-176	4.0
NP_243336.1	-163	7.0
NP_243338.1	-17	5.0
NP_243339.1	-18	1.0
NP_243341.1	-87	1.0
NP_243342.1	-143	1.0
NP_243343.1	-17	5.0
NP_243344.1	-63	3.0
NP_243345.1	-131	8.0
NP_243346.1	-71	8.0
NP_243348.1	-17	5.0
NP_243349.1	-45	5.0
NP_243350.1	-144	1.0
NP_243351.1	-46	4.0
NP_243352.1	-162	1.0
NP_243353.1	-72	0.0
NP_243354.1	-17	4.0
NP_243355.1	-106	3.0
NP_243356.1	-18	3.0
NP_243357.1	-116	1.0
NP_243358.1	-115	2.0
NP_243359.1	-143	5.0
NP_243360.1	-81	1.0
NP_243361.1	-138	2.0
NP_243362.1	-119	6.0
NP_243363.1	-98	1.0
NP_243364.1	0	0.0
NP_243365.1	-59	2.0
NP_243366.1	-28	3.0
NP_243368.1	-122	2.0
NP_243369.1	-130	5.0
NP_243370.1	-151	3.0
NP_243371.1	-84	1.0
NP_243372.1	-88	2.0
NP_243373.1	-62	2.0
NP_243374.1	-147	8.0
NP_243375.1	-132	4.0
NP_243376.1	-167	3.0
NP_243377.1	-15	2.0
NP_243378.1	-93	4.0
NP_243379.1	-38	9.0
NP_243380.1	-79	2.0
NP_243381.1	-179	0.0
NP_243382.1	-29	1.0
NP_243386.1	-9	9.0
NP_243390.1	-45	5.0
NP_243392.1	-144	4.0
NP_243393.1	-94	7.0
NP_243394.1	-38	4.0
NP_243395.1	-17	2.0
NP_243396.1	-63	4.0
NP_243397.1	-10	5.0
NP_243398.1	-102	3.0
NP_243399.1	-98	3.0
NP_243400.1	-161	1.0
NP_243401.1	-102	7.0
NP_243402.1	-75	0.0
NP_243403.1	-109	8.0
NP_243404.1	-56	2.0
NP_243405.1	-135	8.0
NP_243406.1	-151	9.0
NP_243407.1	-85	2.0
NP_243408.1	-139	4.0
NP_243409.1	-47	6.0
NP_243410.1	-40	3.0
NP_243411.1	-163	1.0
NP_243412.1	-79	1.0
NP_243413.1	-77	4.0
NP_243414.1	-29	1.0
NP_243415.1	-41	2.0
NP_243416.1	-85	9.0
NP_243417.1	-66	4.0
NP_243418.1	-20	4.0
NP_243419.1	-91	1.0
NP_243420.1	-155	6.0
NP_243422.1	-146	5.0
NP_243423.1	-90	3.0
NP_243424.1	-179	1.0
NP_243425.1	-88	1.0
NP_243429.1	-27	2.0
NP_243430.1	-137	7.0
NP_243431.1	-165	6.0
NP_243432.1	-152	2.0
NP_243433.1	-164	1.0
NP_243434.1	-80	5.0
NP_243435.1	-22	2.0
NP_243436.1	-108	3.0
NP_243437.1	-161	1.0
NP_243438.1	-96	0.0
NP_243439.1	-97	0.0
NP_243440.1	-8	5.0
NP_243441.1	-145	1.0
NP_243442.1	-23	3.0
NP_243443.1	-108	2.0
NP_243445.1	-56	5.0
NP_243446.1	-46	1.0
NP_243447.1	-35	2.0
NP_243448.1	-9	1.0
NP_243449.1	-19	4.0
NP_243450.1	-51	1.0
NP_243451.1	-103	7.0
NP_243452.1	-101	3.0
NP_243453.1	-94	1.0
NP_243454.1	-138	3.0
NP_243455.1	-76	9.0
NP_243456.1	-60	4.0
NP_243457.1	-40	5.0
NP_243458.1	-77	2.0
NP_243459.1	-38	3.0
NP_243460.1	-10	1.0
NP_243462.1	-32	3.0
NP_243463.1	-109	2.0
NP_243464.1	-9	5.0
NP_243466.1	-10	4.0
NP_243467.1	-12	9.0
NP_243468.1	-10	2.0
NP_243469.1	-153	8.0
NP_243470.1	-91	2.0
NP_243471.1	-48	5.0
NP_243472.1	-28	3.0
NP_243474.1	-18	3.0
NP_243476.1	-6	3.0
NP_243477.1	-46	1.0
NP_243478.1	-11	1.0
NP_243479.1	-69	2.0
NP_243480.1	-162	5.0
NP_243481.1	-62	4.0
NP_243482.1	-109	7.0
NP_243483.1	-76	4.0
NP_243484.1	-94	9.0
NP_243486.1	-114	6.0
NP_243487.1	-11	2.0
NP_243488.1	-168	1.0
NP_243489.1	-121	2.0
NP_243490.1	-55	6.0
NP_243491.1	-132	8.0
NP_243492.1	-42	3.0
NP_243493.1	-134	5.0
NP_243494.1	-50	2.0
NP_243495.1	-90	1.0
NP_243496.1	-44	3.0
NP_243497.1	-16	1.0
NP_243498.1	-48	1.0
NP_243500.1	-49	2.0
NP_243501.1	-76	4.0
NP_243502.1	-11	1.0
NP_243503.1	-70	3.0
NP_243504.1	-23	1.0
NP_243505.1	-38	1.0
NP_243506.1	-59	0.0
NP_243507.1	-17	5.0
NP_243510.1	-13	3.0
NP_243511.1	-164	3.0
NP_243513.1	-24	3.0
NP_243514.1	-35	5.0
NP_243517.1	-17	5.0
NP_243518.1	-122	3.0
NP_243519.1	-86	2.0
NP_243520.1	-166	1.0
NP_243521.1	-172	4.0
NP_243522.1	-15	6.0
NP_243524.1	-85	9.0
NP_243525.1	-101	6.0
NP_243527.1	-17	3.0
NP_243528.1	-140	2.0
NP_243529.1	-97	1.0
NP_243530.1	-17	1.0
NP_243531.1	-47	4.0
NP_243532.1	-51	4.0
NP_243533.1	-26	2.0
NP_243534.1	-178	2.0
NP_243535.1	-119	1.0
NP_243536.1	-17	2.0
NP_243537.1	-74	2.0
NP_243539.1	-56	5.0
NP_243540.1	-142	2.0
NP_243541.1	-96	1.0
NP_243542.1	-140	2.0
NP_243543.1	-32	2.0
NP_243544.1	-41	0.0
NP_243545.1	-78	2.0
NP_243546.1	-65	3.0
NP_243547.1	-82	3.0
NP_243548.1	-100	2.0
NP_243549.1	-31	7.0
NP_243553.1	-30	3.0
NP_243554.1	-125	6.0
NP_243555.1	-18	9.0
NP_243558.1	-35	5.0
NP_243560.1	-46	2.0
NP_243561.1	-93	4.0
NP_243562.1	-17	1.0
NP_243564.1	-21	5.0
NP_243565.1	-83	4.0
NP_243566.1	-43	1.0
NP_243567.1	-72	5.0
NP_243568.1	-76	2.0
NP_243569.1	-61	2.0
NP_243572.1	-77	1.0
NP_243574.1	-96	3.0
NP_243578.1	-24	2.0
NP_243579.1	-79	1.0
NP_243580.1	-175	4.0
NP_243581.1	-125	4.0
NP_243582.1	-119	4.0
NP_243583.1	-90	4.0
NP_243584.1	-128	3.0
NP_243585.1	-11	4.0
NP_243587.1	-8	1.0
NP_243589.1	-179	1.0
NP_243590.1	-37	9.0
NP_243591.1	-41	7.0
NP_243593.1	-21	7.0
NP_243594.1	-18	2.0
NP_243595.1	-168	9.0
NP_243596.1	-125	3.0
NP_243597.1	-113	2.0
NP_243600.1	-89	7.0
NP_243601.1	-15	1.0
NP_243603.1	-82	1.0
NP_243605.1	-133	2.0
NP_243606.1	-102	1.0
NP_243607.1	-63	2.0
NP_243609.1	-39	4.0
NP_243610.1	-16	3.0
NP_243612.1	-56	6.0
NP_243613.1	-101	5.0
NP_243614.1	-62	1.0
NP_243615.1	-41	8.0
NP_243616.1	-63	9.0
NP_243617.1	-51	5.0
NP_243618.1	-98	2.0
NP_243620.1	-74	1.0
NP_243621.1	-70	4.0
NP_243622.1	-88	4.0
NP_243623.1	-148	2.0
NP_243624.1	-31	1.0
NP_243625.1	-73	6.0
NP_243626.1	-47	1.0
NP_243627.1	-74	0.0
NP_243628.1	-113	0.0
NP_243629.1	-60	1.0
NP_243630.1	-120	6.0
NP_243631.1	-121	3.0
NP_243632.1	-75	0.0
NP_243633.1	-16	2.0
NP_243635.1	-18	2.0
NP_243639.1	-145	6.0
NP_243640.1	-16	4.0
NP_243641.1	-156	5.0
NP_243642.1	-95	3.0
NP_243643.1	-80	2.0
NP_243644.1	-136	6.0
NP_243645.1	-179	2.0
NP_243647.1	-100	1.0
NP_243648.1	-12	7.0
NP_243649.1	-102	6.0
NP_243650.1	-139	1.0
NP_243651.1	-39	7.0
NP_243652.1	-42	4.0
NP_243653.1	-166	5.0
NP_243654.1	-44	1.0
NP_243656.1	-8	2.0
NP_243657.1	-40	2.0
NP_243658.1	-9	2.0
NP_243659.1	-130	1.0
NP_243660.1	-36	1.0
NP_243661.1	-22	2.0
NP_243662.1	-63	2.0
NP_243663.1	-122	2.0
NP_243664.1	-19	1.0
NP_243665.1	-108	2.0
NP_243666.1	-154	8.0
NP_243667.1	-62	8.0
NP_243668.1	-26	2.0
NP_243669.1	-136	5.0
NP_243670.1	-9	7.0
NP_243671.1	-52	2.0
NP_243672.1	-40	3.0
NP_243673.1	-76	8.0
NP_243674.1	0	0.0
NP_243676.1	-55	4.0
NP_243677.1	-66	1.0
NP_243678.1	-138	3.0
NP_243679.1	-42	2.0
NP_243680.1	-96	3.0
NP_243681.1	-54	2.0
NP_243682.1	-178	3.0
NP_243683.1	-40	3.0
NP_243684.1	-105	6.0
NP_243685.1	-6	1.0
NP_243686.1	-90	1.0
NP_243687.1	-34	4.0
NP_243688.1	-7	6.0
NP_243693.1	-7	2.0
NP_243695.1	-36	3.0
NP_243696.1	-63	2.0
NP_243697.1	-42	1.0
NP_243698.1	-87	5.0
NP_243700.1	-102	7.0
NP_243701.1	-74	1.0
NP_243706.1	-16	6.0
NP_243709.1	-139	2.0
NP_243710.1	-16	6.0
NP_243711.1	-105	1.0
NP_243713.1	-98	4.0
NP_243714.1	-146	2.0
NP_243715.1	-104	2.0
NP_243716.1	-18	7.0
NP_243717.1	-47	3.0
NP_243718.1	-39	8.0
NP_243719.1	-89	5.0
NP_243720.1	-53	2.0
NP_243721.1	-69	2.0
NP_243722.1	-163	0.0
NP_243723.1	-52	6.0
NP_243724.1	-136	0.0
NP_243725.1	-61	4.0
NP_243726.1	-58	4.0
NP_243727.1	-72	2.0
NP_243730.1	-9	2.0
NP_243731.1	-66	1.0
NP_243732.1	-81	1.0
NP_243733.1	-9	2.0
NP_243734.1	-24	3.0
NP_243736.1	-173	1.0
NP_243738.1	-106	3.0
NP_243739.1	-29	2.0
NP_243741.1	-111	2.0
NP_243743.1	-57	7.0
NP_243744.1	-44	7.0
NP_243745.1	-48	3.0
NP_243747.1	-14	1.0
NP_243748.1	-146	2.0
NP_243749.1	-127	7.0
NP_243753.1	-12	6.0
NP_243754.1	-11	2.0
NP_243755.1	-15	2.0
NP_243757.1	-23	1.0
NP_243758.1	-55	9.0
NP_243759.1	-25	6.0
NP_243760.1	-123	2.0
NP_243761.1	-61	0.0
NP_243762.1	-105	5.0
NP_243763.1	-161	5.0
NP_243764.1	-62	7.0
NP_243765.1	-170	2.0
NP_243766.1	-137	1.0
NP_243769.1	-176	4.0
NP_243770.1	-40	9.0
NP_243771.1	-77	3.0
NP_243772.1	-119	2.0
NP_243775.1	-42	1.0
NP_243776.1	-17	1.0
NP_243778.1	-9	1.0
NP_243779.1	-155	2.0
NP_243782.1	-91	7.0
NP_243783.1	-40	2.0
NP_243786.1	-21	7.0
NP_243787.1	-78	2.0
NP_243788.1	-17	5.0
NP_243789.1	-132	2.0
NP_243790.1	-96	1.0
NP_243791.1	-171	8.0
NP_243792.1	-57	1.0
NP_243793.1	-64	8.0
NP_243796.1	-15	1.0
NP_243797.1	-156	3.0
NP_243798.1	-33	1.0
NP_243800.1	-55	2.0
NP_243801.1	-61	4.0
NP_243802.1	-102	3.0
NP_243803.1	-41	5.0
NP_243804.1	-115	7.0
NP_243806.1	-17	2.0
NP_243807.1	-86	1.0
NP_243809.1	-50	8.0
NP_243811.1	-178	7.0
NP_243812.1	-9	5.0
NP_243813.1	-82	4.0
NP_243814.1	-129	2.0
NP_243815.1	-36	1.0
NP_243818.1	-21	6.0
NP_243819.1	-46	4.0
NP_243820.1	-96	2.0
NP_243821.1	0	0.0
NP_243822.1	-60	1.0
NP_243823.1	-111	3.0
NP_243824.1	-13	6.0
NP_243830.1	-108	1.0
NP_243833.1	-15	5.0
NP_243834.1	-42	1.0
NP_243835.1	-28	1.0
NP_243836.1	-117	1.0
NP_243837.1	-91	3.0
NP_243839.1	-54	3.0
NP_243840.1	-83	8.0
NP_243841.1	-43	3.0
NP_243842.1	-61	2.0
NP_243844.1	-17	5.0
NP_243845.1	-22	2.0
NP_243846.1	-45	1.0
NP_243848.1	-46	6.0
NP_243850.1	-148	1.0
NP_243853.1	-6	7.0
NP_243856.1	-50	1.0
NP_243857.1	-147	4.0
NP_243858.1	-81	6.0
NP_243859.1	-99	9.0
NP_243860.1	-52	7.0
NP_243862.1	-37	3.0
NP_243864.1	-70	6.0
NP_243865.1	-166	4.0
NP_243866.1	-14	9.0
NP_243867.1	-89	1.0
NP_243868.1	-71	5.0
NP_243870.1	-32	3.0
NP_243871.1	-41	9.0
NP_243872.1	-92	7.0
NP_243873.1	-123	8.0
NP_243874.1	-119	5.0
NP_243875.1	-52	2.0
NP_243876.1	-33	3.0
NP_243877.1	-33	4.0
NP_243879.1	-21	9.0
NP_243880.1	-97	1.0
NP_243881.1	-72	3.0
NP_243882.1	-38	2.0
NP_243883.1	-36	4.0
NP_243884.1	-20	7.0
NP_243885.1	-66	7.0
NP_243886.1	-25	2.0
NP_243887.1	-173	5.0
NP_243888.1	-65	2.0
NP_243889.1	-64	9.0
NP_243891.1	-58	4.0
NP_243892.1	-84	6.0
NP_243893.1	-138	4.0
NP_243894.1	-69	2.0
NP_243895.1	-26	2.0
NP_243896.1	-79	2.0
NP_243897.1	-130	4.0
NP_243898.1	-112	5.0
NP_243899.1	-66	3.0
NP_243901.1	-18	1.0
NP_243902.1	-24	2.0
NP_243903.1	-124	2.0
NP_243904.1	-146	2.0
NP_243906.1	-43	6.0
NP_243908.1	-29	4.0
NP_243909.1	-172	2.0
NP_243910.1	-121	6.0
NP_243911.1	-48	4.0
NP_243912.1	-146	1.0
NP_243913.1	-58	4.0
NP_243914.1	-178	1.0
NP_243915.1	-96	2.0
NP_243916.1	-179	2.0
NP_243917.1	-35	1.0
NP_243918.1	-179	1.0
NP_243919.1	-58	8.0
NP_243920.1	-28	2.0
NP_243921.1	-69	2.0
NP_243922.1	-179	8.0
NP_243923.1	-118	2.0
NP_243924.1	-151	7.0
NP_243925.1	-169	3.0
NP_243926.1	-70	3.0
NP_243927.1	-96	2.0
NP_243928.1	-161	1.0
NP_243932.1	-44	2.0
NP_243933.1	-71	5.0
NP_243934.1	-118	3.0
NP_243936.1	-100	3.0
NP_243937.1	-77	1.0
NP_243938.1	-14	1.0
NP_243939.1	-177	3.0
NP_243940.1	-30	2.0
NP_243941.1	-37	6.0
NP_243942.1	-12	7.0
NP_243943.1	-12	3.0
NP_243944.1	-8	3.0
NP_243950.1	-56	1.0
NP_243951.1	-9	3.0
NP_243952.1	-14	8.0
NP_243954.1	-102	5.0
NP_243955.1	-77	3.0
NP_243956.1	-55	3.0
NP_243957.1	-163	3.0
NP_243958.1	-84	1.0
NP_243959.1	-109	1.0
NP_243960.1	-145	2.0
NP_243961.1	-30	1.0
NP_243962.1	-148	5.0
NP_243963.1	-117	2.0
NP_243964.1	-46	5.0
NP_243965.1	-160	2.0
NP_243966.1	-101	9.0
NP_243967.1	-77	3.0
NP_243968.1	-83	1.0
NP_243969.1	-121	1.0
NP_243970.1	-136	1.0
NP_243971.1	-12	4.0
NP_243972.1	-111	0.0
NP_243973.1	-106	5.0
NP_243974.1	-35	6.0
NP_243975.1	-20	2.0
NP_243976.1	-143	1.0
NP_243977.1	-116	3.0
NP_243978.1	-87	2.0
NP_243979.1	-25	3.0
NP_243981.1	-37	4.0
NP_243982.1	-112	6.0
NP_243983.1	-16	2.0
NP_243984.1	-94	7.0
NP_243987.1	-94	9.0
NP_243988.1	-99	2.0
NP_243989.1	-29	2.0
NP_243990.1	-16	7.0
NP_243991.1	-18	2.0
NP_243993.1	-165	1.0
NP_243994.1	-132	6.0
NP_243995.1	-124	6.0
NP_243996.1	-148	5.0
NP_243998.1	-130	0.0
NP_243999.1	-49	1.0
NP_244002.1	-18	1.0
NP_244003.1	-15	4.0
NP_244004.1	-43	8.0
NP_244005.1	-23	5.0
NP_244006.1	-83	2.0
NP_244007.1	-172	2.0
NP_244008.1	-41	4.0
NP_244009.1	-96	7.0
NP_244010.1	-88	3.0
NP_244011.1	-111	2.0
NP_244012.1	-63	2.0
NP_244014.1	-72	6.0
NP_244015.1	-175	8.0
NP_244016.1	-71	4.0
NP_244017.1	-43	3.0
NP_244018.1	-122	4.0
NP_244019.1	-146	2.0
NP_244020.1	-37	3.0
NP_244021.1	-47	9.0
NP_244022.1	-166	6.0
NP_244023.1	-110	8.0
NP_244024.1	-173	4.0
NP_244025.1	-52	6.0
NP_244026.1	-100	3.0
NP_244027.1	-58	4.0
NP_244028.1	-17	5.0
NP_244029.1	-173	4.0
NP_244030.1	-180	5.0
NP_244031.1	-155	4.0
NP_244032.1	-148	2.0
NP_244033.1	-34	3.0
NP_244034.1	-154	0.0
NP_244035.1	-109	0.0
NP_244036.1	-31	8.0
NP_244039.1	-128	2.0
NP_244041.1	-7	4.0
NP_244044.1	-120	1.0
NP_244045.1	-124	4.0
NP_244046.1	-118	6.0
NP_244048.1	-133	9.0
NP_244050.1	-48	6.0
NP_244052.1	-164	7.0
NP_244053.1	-126	2.0
NP_244054.1	-32	8.0
NP_244056.1	-49	6.0
NP_244057.1	-38	6.0
NP_244058.1	-118	9.0
NP_244059.1	-102	5.0
NP_244060.1	-90	5.0
NP_244061.1	-42	1.0
NP_244062.1	-8	2.0
NP_244063.1	-13	9.0
NP_244064.1	-37	7.0
NP_244065.1	-106	2.0
NP_244066.1	-174	1.0
NP_244067.1	-81	0.0
NP_244068.1	-32	4.0
NP_244069.1	-128	4.0
NP_244070.1	-129	5.0
NP_244071.1	-63	9.0
NP_244073.1	-54	1.0
NP_244074.1	-60	4.0
NP_244075.1	-123	1.0
NP_244077.1	-64	6.0
NP_244078.1	-14	2.0
NP_244080.1	-57	1.0
NP_244082.1	-19	7.0
NP_244084.1	-7	1.0
NP_244089.1	-13	6.0
NP_244090.1	-59	5.0
NP_244091.1	-83	1.0
NP_244093.1	-28	5.0
NP_244094.1	-141	3.0
NP_244095.1	-73	2.0
NP_244096.1	-47	2.0
NP_244097.1	-25	3.0
NP_244098.1	-21	3.0
NP_244100.1	-123	8.0
NP_244101.1	-109	1.0
NP_244102.1	-72	4.0
NP_244103.1	-158	2.0
NP_244104.1	-56	9.0
NP_244105.1	-40	5.0
NP_244106.1	-37	3.0
NP_244107.1	-110	1.0
NP_244108.1	-19	9.0
NP_244109.1	-7	2.0
NP_244111.1	-39	3.0
NP_244112.1	-16	2.0
NP_244113.1	-17	5.0
NP_244114.1	-57	6.0
NP_244115.1	-16	2.0
NP_244116.1	-166	0.0
NP_244117.1	-86	1.0
NP_244118.1	-96	1.0
NP_244119.1	-45	3.0
NP_244120.1	-32	1.0
NP_244122.1	-50	4.0
NP_244123.1	-116	0.0
NP_244124.1	-22	5.0
NP_244125.1	-138	8.0
NP_244126.1	-129	2.0
NP_244127.1	-91	2.0
NP_244129.1	-93	2.0
NP_244130.1	-33	7.0
NP_244131.1	-84	4.0
NP_244134.1	-42	3.0
NP_244135.1	-17	1.0
NP_244136.1	-40	3.0
NP_244137.1	-129	1.0
NP_244138.1	-167	3.0
NP_244139.1	-98	2.0
NP_244141.1	-96	9.0
NP_244142.1	-72	2.0
NP_244143.1	-132	1.0
NP_244145.1	-51	1.0
NP_244147.1	-47	3.0
NP_244148.1	-134	5.0
NP_244149.1	-64	3.0
NP_244150.1	-177	1.0
NP_244151.1	-72	7.0
NP_244152.1	-83	5.0
NP_244153.1	-119	9.0
NP_244154.1	-78	4.0
NP_244155.1	-99	4.0
NP_244156.1	-91	9.0
NP_244157.1	-94	2.0
NP_244158.1	-74	3.0
NP_244159.1	-53	4.0
NP_244160.1	-74	1.0
NP_244161.1	-119	8.0
NP_244162.1	-98	8.0
NP_244163.1	-129	1.0
NP_244164.1	-39	2.0
NP_244165.1	-48	3.0
NP_244166.1	-178	5.0
NP_244168.1	-174	2.0
NP_244169.1	-49	3.0
NP_244170.1	-26	3.0
NP_244171.1	-80	1.0
NP_244172.1	-18	1.0
NP_244174.1	-52	7.0
NP_244175.1	-144	8.0
NP_244179.1	-118	2.0
NP_244180.1	-80	4.0
NP_244182.1	-177	9.0
NP_244184.1	-15	1.0
NP_244185.1	-41	7.0
NP_244186.1	-80	2.0
NP_244187.1	-35	1.0
NP_244188.1	-24	8.0
NP_244189.1	-26	5.0
NP_244190.1	-29	2.0
NP_244192.1	-6	1.0
NP_244194.1	-54	8.0
NP_244195.1	-65	1.0
NP_244198.1	-16	6.0
NP_244201.1	-39	5.0
NP_244202.1	-23	1.0
NP_244206.1	-70	2.0
NP_244207.1	-34	3.0
NP_244209.1	-36	5.0
NP_244210.1	-89	2.0
NP_244211.1	-19	3.0
NP_244213.1	-26	4.0
NP_244214.1	-94	3.0
NP_244215.1	-67	1.0
NP_244216.1	-108	0.0
NP_244217.1	-69	6.0
NP_244218.1	-30	3.0
NP_244219.1	-85	2.0
NP_244221.1	-33	4.0
NP_244222.1	-42	1.0
NP_244224.1	-39	3.0
NP_244225.1	-157	8.0
NP_244226.1	-27	6.0
NP_244227.1	-15	2.0
NP_244228.1	-42	4.0
NP_244229.1	-88	2.0
NP_244230.1	-111	5.0
NP_244231.1	-69	6.0
NP_244232.1	-13	2.0
NP_244233.1	-10	6.0
NP_244235.1	-11	2.0
NP_244238.1	-37	4.0
NP_244239.1	-11	9.0
NP_244242.1	-24	8.0
NP_244245.1	-51	1.0
NP_244246.1	-18	5.0
NP_244248.1	-8	2.0
NP_244250.1	-80	7.0
NP_244251.1	-75	6.0
NP_244252.1	-27	3.0
NP_244253.1	-103	4.0
NP_244255.1	-173	4.0
NP_244256.1	-26	2.0
NP_244257.1	-62	3.0
NP_244259.1	-119	2.0
NP_244260.1	-38	4.0
NP_244262.1	-36	3.0
NP_244263.1	-99	7.0
NP_244265.1	-16	7.0
NP_244267.1	-79	3.0
NP_244268.1	-15	1.0
NP_244269.1	-17	6.0
NP_244270.1	-63	8.0
NP_244271.1	-19	9.0
NP_244273.1	-170	5.0
NP_244274.1	-166	6.0
NP_244275.1	-17	5.0
NP_244277.1	-31	4.0
NP_244278.1	-88	3.0
NP_244279.1	-106	9.0
NP_244281.1	-34	5.0
NP_244282.1	-155	1.0
NP_244283.1	-26	6.0
NP_244284.1	-33	3.0
NP_244285.1	-7	3.0
NP_244286.1	-26	2.0
NP_244287.1	-71	9.0
NP_244288.1	-152	8.0
NP_244289.1	-176	1.0
NP_244290.1	-52	1.0
NP_244291.1	-71	1.0
NP_244292.1	-38	3.0
NP_244293.1	-80	2.0
NP_244294.1	-65	1.0
NP_244295.1	-92	2.0
NP_244296.1	-38	3.0
NP_244297.1	-55	3.0
NP_244298.1	-134	0.0
NP_244299.1	-41	6.0
NP_244300.1	-45	7.0
NP_244301.1	-15	4.0
NP_244302.1	-101	5.0
NP_244303.1	-109	5.0
NP_244306.1	-137	2.0
NP_244307.1	-50	7.0
NP_244308.1	-153	1.0
NP_244309.1	-46	4.0
NP_244310.1	-15	2.0
NP_244311.1	-33	3.0
NP_244312.1	-7	3.0
NP_244313.1	-9	1.0
NP_244314.1	-27	1.0
NP_244315.1	-14	3.0
NP_244316.1	-175	1.0
NP_244317.1	-62	9.0
NP_244318.1	-143	2.0
NP_244319.1	-42	3.0
NP_244320.1	-121	1.0
NP_244321.1	-56	5.0
NP_244322.1	-113	1.0
NP_244324.1	-15	5.0
NP_244328.1	-41	1.0
NP_244334.1	-134	3.0
NP_244335.1	-71	1.0
NP_244336.1	-132	2.0
NP_244337.1	-52	0.0
NP_244338.1	-149	1.0
NP_244340.1	-49	1.0
NP_244344.1	-34	2.0
NP_244346.1	-65	8.0
NP_244347.1	-66	8.0
NP_244348.1	-163	3.0
NP_244349.1	-6	7.0
NP_244350.1	-7	9.0
NP_244351.1	-62	3.0
NP_244352.1	-56	3.0
NP_244353.1	-82	0.0
NP_244354.1	-137	8.0
NP_244355.1	-145	5.0
NP_244358.1	-27	2.0
NP_244359.1	-38	2.0
NP_244360.1	-60	1.0
NP_244362.1	-29	1.0
NP_244363.1	-49	1.0
NP_244365.1	-18	4.0
NP_244366.1	-15	3.0
NP_244367.1	-61	5.0
NP_244370.1	-45	5.0
NP_244372.1	-60	2.0
NP_244373.1	-104	7.0
NP_244374.1	-17	5.0
NP_244375.1	-40	3.0
NP_244377.1	-19	3.0
NP_244382.1	-11	5.0
NP_244384.1	-9	5.0
NP_244402.1	-13	3.0
NP_244406.1	-30	3.0
NP_244408.1	-7	1.0
NP_244409.1	-7	6.0
NP_244410.1	-18	2.0
NP_244411.1	-45	1.0
NP_244414.1	-25	1.0
NP_244416.1	-13	3.0
NP_244417.1	-45	8.0
NP_244418.1	-140	2.0
NP_244419.1	-74	3.0
NP_244420.1	-159	4.0
NP_244421.1	-123	1.0
NP_244423.1	-165	2.0
NP_244424.1	-166	2.0
NP_244425.1	-142	3.0
NP_244426.1	-120	4.0
NP_244427.1	-127	0.0
NP_244428.1	-109	3.0
NP_244429.1	-16	1.0
NP_244430.1	-95	3.0
NP_244431.1	-106	2.0
NP_244432.1	-17	5.0
NP_244433.1	-33	2.0
NP_244434.1	-165	1.0
NP_244435.1	-118	9.0
NP_244436.1	-140	1.0
NP_244437.1	-59	4.0
NP_244438.1	-176	2.0
NP_244439.1	-52	3.0
NP_244440.1	-80	2.0
NP_244441.1	-65	3.0
NP_244442.1	-101	4.0
NP_244443.1	-84	3.0
NP_244444.1	-49	8.0
NP_244445.1	-108	1.0
NP_244446.1	-65	9.0
NP_244447.1	-62	3.0
NP_244448.1	-55	1.0
NP_244449.1	-157	5.0
NP_244450.1	-51	1.0
NP_244451.1	-48	2.0
NP_244453.1	-88	6.0
NP_244454.1	-89	1.0
NP_244456.1	-92	8.0
NP_244457.1	-165	1.0
NP_244458.1	-10	1.0
NP_244459.1	-8	2.0
NP_244461.1	-8	0.0
NP_244462.1	-10	0.0
NP_244463.1	-25	1.0
NP_244465.1	-53	4.0
NP_244466.1	-152	9.0
NP_244467.1	-30	9.0
NP_244468.1	-95	3.0
NP_244469.1	-96	2.0
NP_244470.1	-9	2.0
NP_244471.1	-39	9.0
NP_244472.1	-151	4.0
NP_244473.1	-171	0.0
NP_244475.1	-72	2.0
NP_244477.1	-35	2.0
NP_244480.1	-16	2.0
NP_244482.1	-8	8.0
NP_244483.1	-53	4.0
NP_244485.1	-9	8.0
NP_244487.1	-17	1.0
NP_244488.1	-23	4.0
NP_244492.1	-36	3.0
NP_244493.1	-120	7.0
NP_244494.1	-104	3.0
NP_244495.1	-53	4.0
NP_244496.1	-25	3.0
NP_244497.1	-103	6.0
NP_244498.1	-44	1.0
NP_244499.1	-13	3.0
NP_244501.1	-41	6.0
NP_244502.1	-17	1.0
NP_244503.1	-42	8.0
NP_244504.1	-43	5.0
NP_244505.1	-60	2.0
NP_244506.1	-89	8.0
NP_244507.1	-101	1.0
NP_244508.1	-11	5.0
NP_244509.1	-58	5.0
NP_244510.1	-103	6.0
NP_244511.1	-96	2.0
NP_244512.1	-134	2.0
NP_244513.1	-129	3.0
NP_244514.1	-68	4.0
NP_244515.1	-12	1.0
NP_244516.1	-59	3.0
NP_244517.1	-48	1.0
NP_244519.1	-127	6.0
NP_244520.1	-29	4.0
NP_244521.1	-27	2.0
NP_244522.1	-24	1.0
NP_244524.1	-21	2.0
NP_244525.1	-20	2.0
NP_244526.1	-47	4.0
NP_244527.1	-8	3.0
NP_244528.1	-103	1.0
NP_244530.1	-42	1.0
NP_244532.1	-28	2.0
NP_244533.1	-27	6.0
NP_244534.1	-83	2.0
NP_244535.1	-83	8.0
NP_244536.1	-74	4.0
NP_244537.1	-88	1.0
NP_244538.1	-25	1.0
NP_244539.1	-26	6.0
NP_244540.1	-98	6.0
NP_244541.1	-62	5.0
NP_244542.1	-10	4.0
NP_244544.1	-68	1.0
NP_244545.1	-26	1.0
NP_244546.1	-16	3.0
NP_244547.1	-9	7.0
NP_244548.1	-33	1.0
NP_244549.1	-37	3.0
NP_244550.1	-158	1.0
NP_244552.1	-24	1.0
NP_244555.1	-56	5.0
NP_244556.1	-38	2.0
NP_244557.1	-10	3.0
NP_244559.1	-54	1.0
NP_244560.1	-38	2.0
NP_244563.1	-27	2.0
NP_244564.1	-90	7.0
NP_244567.1	-55	2.0
NP_244569.1	-9	1.0
NP_244571.1	-41	1.0
NP_244573.1	-36	1.0
NP_244574.1	-13	1.0
NP_244575.1	-48	1.0
NP_244576.1	-150	6.0
NP_244579.1	-18	5.0
NP_244580.1	-31	1.0
NP_244581.1	-21	1.0
NP_244582.1	-23	1.0
NP_244583.1	-38	5.0
NP_244584.1	-170	1.0
NP_244585.1	-140	4.0
NP_244587.1	-11	1.0
NP_244588.1	-28	4.0
NP_244590.1	-18	1.0
NP_244591.1	-23	1.0
NP_244592.1	-53	4.0
NP_244593.1	-13	1.0
NP_244594.1	-109	4.0
NP_244595.1	-98	5.0
NP_244596.1	-43	3.0
NP_244597.1	-144	4.0
NP_244598.1	-139	7.0
NP_244599.1	-96	2.0
NP_244600.1	-6	8.0
NP_244602.1	-72	3.0
NP_244604.1	-33	5.0
NP_244605.1	-16	1.0
NP_244606.1	-132	0.0
NP_244607.1	-32	4.0
NP_244608.1	-19	4.0
NP_244609.1	-44	3.0
NP_244610.1	-111	7.0
NP_244613.1	-52	2.0
NP_244615.1	-115	4.0
NP_244616.1	-131	0.0
NP_244618.1	-14	2.0
NP_244619.1	-15	2.0
NP_244620.1	-43	1.0
NP_244621.1	-29	0.0
NP_244622.1	-140	3.0
NP_244623.1	-35	0.0
NP_244624.1	-46	5.0
NP_244625.1	-38	6.0
NP_244626.1	-13	2.0
NP_244627.1	-86	8.0
NP_244630.1	-26	3.0
NP_244631.1	-128	6.0
NP_244632.1	-180	1.0
NP_244633.1	-71	4.0
NP_244634.1	-72	1.0
NP_244635.1	-112	7.0
NP_244636.1	-36	5.0
NP_244637.1	-29	1.0
NP_244638.1	-147	1.0
NP_244639.1	-9	5.0
NP_244640.1	-48	7.0
NP_244641.1	-95	4.0
NP_244642.1	-114	5.0
NP_244643.1	-67	0.0
NP_244644.1	-81	2.0
NP_244646.1	-92	7.0
NP_244647.1	-46	2.0
NP_244648.1	-168	1.0
NP_244650.1	-139	0.0
NP_244651.1	-131	0.0
NP_244652.1	-92	1.0
NP_244653.1	-150	2.0
NP_244654.1	-52	2.0
NP_244655.1	-40	2.0
NP_244656.1	-92	3.0
NP_244657.1	-105	6.0
NP_244658.1	-64	4.0
NP_244659.1	0	0.0
NP_244660.1	-27	2.0
NP_244661.1	-26	1.0
NP_244663.1	-66	2.0
NP_244664.1	-83	3.0
NP_244665.1	-148	0.0
NP_244666.1	-155	0.0
NP_244667.1	-153	4.0
NP_244668.1	-173	1.0
NP_244669.1	-17	4.0
NP_244670.1	-99	5.0
NP_244671.1	-37	8.0
NP_244672.1	-14	1.0
NP_244674.1	-12	5.0
NP_244675.1	-152	2.0
NP_244676.1	-13	6.0
NP_244677.1	-15	2.0
NP_244678.1	-158	4.0
NP_244679.1	-98	3.0
NP_244680.1	-78	1.0
NP_244681.1	-20	8.0
NP_244683.1	-96	2.0
NP_244685.1	-42	2.0
NP_244687.1	-121	2.0
NP_244688.1	-32	2.0
NP_244689.1	-117	4.0
NP_244690.1	-165	8.0
NP_244691.1	-35	2.0
NP_244692.2	-138	2.0
NP_244693.1	-64	4.0
NP_244694.1	-20	2.0
NP_244695.1	-33	4.0
NP_244696.1	-24	7.0
NP_244698.1	-9	6.0
NP_244699.1	-12	3.0
NP_244700.1	-23	4.0
NP_244701.1	-54	6.0
NP_244703.1	-62	6.0
NP_244704.1	-6	2.0
NP_244705.1	-51	1.0
NP_244706.1	-147	3.0
NP_244707.1	-17	7.0
NP_244708.1	-27	2.0
NP_244709.1	-20	2.0
NP_244710.1	-46	5.0
NP_244713.1	-24	2.0
NP_244714.1	-30	7.0
NP_244716.1	-132	1.0
NP_244717.1	-110	3.0
NP_244718.1	-93	3.0
NP_244719.1	-26	7.0
NP_244720.1	-38	8.0
NP_244721.1	-180	5.0
NP_244723.1	-40	5.0
NP_244725.1	-7	5.0
NP_244726.1	-78	1.0
NP_244727.1	-90	7.0
NP_244728.1	-72	1.0
NP_244730.1	-55	2.0
NP_244731.1	-44	2.0
NP_244732.1	-11	3.0
NP_244733.1	-82	1.0
NP_244734.1	-162	2.0
NP_244735.1	-160	0.0
NP_244737.1	-53	8.0
NP_244738.1	-117	7.0
NP_244739.1	-8	4.0
NP_244740.1	-62	6.0
NP_244741.1	-26	1.0
NP_244742.1	-104	5.0
NP_244743.1	-12	2.0
NP_244744.1	-23	2.0
NP_244745.1	-12	2.0
NP_244747.1	-31	2.0
NP_244750.1	-11	7.0
NP_244751.1	-25	4.0
NP_244752.1	-44	3.0
NP_244753.1	-39	4.0
NP_244754.1	-53	2.0
NP_244755.1	-15	1.0
NP_244757.1	-48	5.0
NP_244758.1	-138	9.0
NP_244759.1	-124	0.0
NP_244760.1	-36	4.0
NP_244761.1	-106	3.0
NP_244762.1	-94	4.0
NP_244763.1	-117	2.0
NP_244764.1	-61	1.0
NP_244765.1	-86	2.0
NP_244766.1	-161	2.0
NP_244767.1	-97	7.0
NP_244768.1	-58	1.0
NP_244769.1	-31	1.0
NP_244770.1	-37	4.0
NP_244771.1	-37	2.0
NP_244774.1	-50	3.0
NP_244775.1	-130	5.0
NP_244776.1	-22	8.0
NP_244777.1	-47	2.0
NP_244779.1	-61	2.0
NP_244780.1	-39	2.0
NP_244781.1	-97	4.0
NP_244782.1	-29	2.0
NP_244783.1	-67	8.0
NP_244785.1	-41	6.0
NP_244786.1	-111	7.0
NP_244787.1	-114	2.0
NP_244788.1	-27	8.0
NP_244789.1	-24	3.0
NP_244790.1	-164	1.0
NP_244791.1	0	0.0
NP_244792.1	-82	5.0
NP_244793.1	-56	1.0
NP_244794.1	-120	1.0
NP_244795.1	-56	4.0
NP_244797.1	-13	3.0
NP_244798.1	-48	2.0
NP_244803.1	-68	2.0
NP_244804.1	-119	1.0
NP_244805.1	-137	5.0
NP_244807.1	-111	3.0
NP_244808.1	-71	7.0
NP_244809.1	-11	3.0
NP_244810.1	-125	5.0
NP_244811.1	-87	2.0
NP_244812.1	-100	0.0
NP_244814.1	-105	5.0
NP_244815.1	-139	7.0
NP_244816.1	-139	6.0
NP_244817.1	-138	4.0
NP_244818.1	-45	5.0
NP_244820.1	-17	2.0
NP_244823.1	-14	4.0
NP_244825.1	-172	2.0
NP_244826.1	-142	2.0
NP_244827.1	-13	1.0
NP_244828.1	-14	1.0
NP_244829.1	-39	1.0
NP_244833.1	-13	6.0
NP_244834.1	-40	3.0
NP_244838.1	-49	3.0
NP_244839.1	-71	3.0
NP_244840.1	-64	2.0
NP_244842.1	-35	5.0
NP_244843.1	-83	4.0
NP_244844.1	-17	1.0
NP_244845.1	-13	9.0
NP_244846.1	-152	3.0
NP_244847.1	-156	7.0
NP_244848.1	-27	2.0
NP_244849.1	-41	3.0
NP_244850.1	-34	3.0
NP_244851.1	-6	7.0
NP_244853.1	-17	4.0
NP_244864.1	-10	2.0
NP_244865.1	-21	4.0
NP_244866.1	-16	3.0
NP_244867.1	-26	1.0
NP_244868.1	-39	8.0
NP_244871.1	-11	7.0
NP_244872.1	-9	1.0
NP_244875.1	-86	2.0
NP_244876.1	-11	3.0
NP_244878.1	-35	4.0
NP_244882.1	-30	2.0
NP_244890.1	-113	2.0
NP_244891.1	-132	5.0
NP_244892.1	-20	4.0
NP_244893.1	-25	8.0
NP_244894.1	-77	0.0
NP_244895.1	-123	3.0
NP_244896.1	-144	3.0
NP_244897.1	-139	4.0
NP_244898.1	-30	5.0
NP_244899.1	0	0.0
NP_244900.1	-39	2.0
NP_244901.1	-164	6.0
NP_244904.1	-137	6.0
NP_244905.1	-23	1.0
NP_244906.1	-91	1.0
NP_244907.1	-50	3.0
NP_244909.1	-38	1.0
NP_244910.1	-6	5.0
NP_244911.1	-80	4.0
NP_244912.1	-10	1.0
NP_244913.1	-42	8.0
NP_244914.1	-12	3.0
NP_244916.1	-37	9.0
NP_244917.1	-69	2.0
NP_244918.1	-36	3.0
NP_244919.1	-142	2.0
NP_244920.1	-27	1.0
NP_244921.1	-14	2.0
NP_244922.1	-55	2.0
NP_244923.1	-88	4.0
NP_244924.1	-58	2.0
NP_244925.1	-99	1.0
NP_244926.1	-146	9.0
NP_244927.1	-134	9.0
NP_244928.1	-105	6.0
NP_244929.1	-172	3.0
NP_244930.1	-89	1.0
NP_244931.1	-58	9.0
NP_244932.1	-93	1.0
NP_244933.1	-40	5.0
NP_244934.1	-16	3.0
